Count,Tradelist Count,Name,Edition,Condition,Language,Foil,Tags,Last Modified,Collector Number,Alter,Proxy,Purchase Price
3,,Aang's Journey,tla,,English,,,2026-02-14 00:06:11.111000,1,,,
2,,Energybending,tla,,English,,,2026-02-14 00:06:11.111000,2,,,
1,,Zuko's Exile,tla,,English,,,2026-02-14 00:06:11.111000,3,,,
2,,"Aang, the Last Airbender",tla,,English,,,2026-02-14 00:06:11.111000,4,,,
1,,Airbender Ascension,tla,,English,,,2026-02-14 00:06:11.111000,6,,,
2,,Airbender's Reversal,tla,,English,,,2026-02-14 00:06:11.111000,7,,,
2,,Airbending Lesson,tla,,English,,,2026-02-14 00:06:11.111000,8,,,
2,,"Appa, Steadfast Guardian",tla,,English,,,2026-02-14 00:06:11.111000,10,,,
4,,Avatar Enthusiasts,tla,,English,,,2026-02-14 00:06:11.111000,11,,,
1,,Avatar's Wrath,tla,,English,,,2026-02-14 00:06:11.112000,12,,,
2,,Compassionate Healer,tla,,English,,,2026-02-14 00:06:11.112000,13,,,
1,,Curious Farm Animals,tla,,English,,,2026-02-14 00:06:11.112000,14,,,
2,,Destined Confrontation,tla,,English,,,2026-02-14 00:06:11.112000,15,,,
1,,Earth Kingdom Protectors,tla,,English,,,2026-02-14 00:06:11.112000,17,,,
1,,Enter the Avatar State,tla,,English,,,2026-02-14 00:06:11.112000,18,,,
5,,Glider Kids,tla,,English,,,2026-02-14 00:06:11.112000,21,,,
1,,Glider Staff,tla,,English,,,2026-02-14 00:06:11.112000,22,,,
1,,"Hakoda, Selfless Commander",tla,,English,,,2026-02-14 00:06:11.112000,23,,,
2,,Jeong Jeong's Deserters,tla,,English,,,2026-02-14 00:06:11.112000,25,,,
3,,Kyoshi Warriors,tla,,English,,,2026-02-14 00:06:11.112000,26,,,
2,,Master Piandao,tla,,English,,,2026-02-14 00:06:11.112000,28,,,
1,,"Momo, Friendly Flier",tla,,English,,,2026-02-14 00:06:11.112000,29,,,
1,,"Momo, Playful Pet",tla,,English,,,2026-02-14 00:06:11.112000,30,,,
3,,Path to Redemption,tla,,English,,,2026-02-14 00:06:11.112000,31,,,
4,,Rabaroo Troop,tla,,English,,,2026-02-14 00:06:11.112000,32,,,
1,,Razor Rings,tla,,English,,,2026-02-14 00:06:11.112000,33,,,
6,,Sandbenders' Storm,tla,,English,,,2026-02-14 00:06:11.112000,34,,,
1,,South Pole Voyager,tla,,English,,,2026-02-14 00:06:11.112000,35,,,
1,,"Suki, Courageous Rescuer",tla,,English,,,2026-02-14 00:06:11.112000,37,,,
2,,Team Avatar,tla,,English,,,2026-02-14 00:06:11.112000,38,,,
1,,United Front,tla,,English,,,2026-02-14 00:06:11.112000,39,,,
2,,Water Tribe Captain,tla,,English,,,2026-02-14 00:06:11.112000,41,,,
1,,Water Tribe Rallier,tla,,English,,,2026-02-14 00:06:11.112000,42,,,
6,,Yip Yip!,tla,,English,,,2026-02-14 00:06:11.112000,43,,,
2,,Accumulate Wisdom,tla,,English,,,2026-02-14 00:06:11.112000,44,,,
1,,Boomerang Basics,tla,,English,,,2026-02-14 00:06:11.112000,46,,,
1,,Ember Island Production,tla,,English,,,2026-02-14 00:06:11.112000,48,,,
2,,Flexible Waterbender,tla,,English,,,2026-02-14 00:06:11.112000,50,,,
2,,Forecasting Fortune Teller,tla,,English,,,2026-02-14 00:06:11.112000,51,,,
3,,Geyser Leaper,tla,,English,,,2026-02-14 00:06:11.112000,52,,,
3,,Giant Koi,tla,,English,,,2026-02-14 00:06:11.112000,53,,,
2,,Gran-Gran,tla,,English,,,2026-02-14 00:06:11.112000,54,,,
1,,Iguana Parrot,tla,,English,,,2026-02-14 00:06:11.112000,56,,,
2,,Invasion Submersible,tla,,English,,,2026-02-14 00:06:11.112000,57,,,
4,,It'll Quench Ya!,tla,,English,,,2026-02-14 00:06:11.112000,58,,,
2,,"Katara, Bending Prodigy",tla,,English,,,2026-02-14 00:06:11.112000,59,,,
1,,Knowledge Seeker,tla,,English,,,2026-02-14 00:06:11.112000,60,,,
2,,Lost Days,tla,,English,,,2026-02-14 00:06:11.112000,62,,,
2,,"The Mechanist, Aerial Artisan",tla,,English,,,2026-02-14 00:06:11.112000,64,,,
2,,Otter-Penguin,tla,,English,,,2026-02-14 00:06:11.112000,67,,,
2,,Rowdy Snowballers,tla,,English,,,2026-02-14 00:06:11.112000,68,,,
2,,Serpent of the Pass,tla,,English,,,2026-02-14 00:06:11.112000,70,,,
1,,The Spirit Oasis,tla,,English,,,2026-02-14 00:06:11.112000,72,,,
1,,Tiger-Seal,tla,,English,,,2026-02-14 00:06:11.112000,75,,,
2,,"Ty Lee, Chi Blocker",tla,,English,,,2026-02-14 00:06:11.112000,76,,,
1,,The Unagi of Kyoshi Island,tla,,English,,,2026-02-14 00:06:11.112000,77,,,
3,,Watery Grasp,tla,,English,,,2026-02-14 00:06:11.112000,82,,,
1,,"Yue, the Moon Spirit",tla,,English,,,2026-02-14 00:06:11.112000,83,,,
1,,"Azula, On the Hunt",tla,,English,,,2026-02-14 00:06:11.112000,85,,,
2,,Beetle-Headed Merchants,tla,,English,,,2026-02-14 00:06:11.112000,86,,,
1,,Buzzard-Wasp Colony,tla,,English,,,2026-02-14 00:06:11.112000,88,,,
3,,Callous Inspector,tla,,English,,,2026-02-14 00:06:11.112000,89,,,
2,,Canyon Crawler,tla,,English,,,2026-02-14 00:06:11.112000,90,,,
2,,Corrupt Court Official,tla,,English,,,2026-02-14 00:06:11.112000,92,,,
1,,Dai Li Indoctrination,tla,,English,,,2026-02-14 00:06:11.112000,93,,,
4,,Deadly Precision,tla,,English,,,2026-02-14 00:06:11.112000,95,,,
1,,Epic Downfall,tla,,English,,,2026-02-14 00:06:11.112000,96,,,
1,,The Fire Nation Drill,tla,,English,,,2026-02-14 00:06:11.112000,98,,,
2,,Fire Nation Engineer,tla,,English,,,2026-02-14 00:06:11.112000,99,,,
2,,Fire Navy Trebuchet,tla,,English,,,2026-02-14 00:06:11.112000,100,,,
1,,Foggy Swamp Hunters,tla,,English,,,2026-02-14 00:06:11.112000,101,,,
2,,Heartless Act,tla,,English,,,2026-02-14 00:06:11.112000,103,,,
3,,Hog-Monkey,tla,,English,,,2026-02-14 00:06:11.112000,104,,,
1,,"Joo Dee, One of Many",tla,,English,,,2026-02-14 00:06:11.112000,105,,,
1,,"June, Bounty Hunter",tla,,English,,,2026-02-14 00:06:11.112000,106,,,
1,,"Koh, the Face Stealer",tla,,English,,,2026-02-14 00:06:11.112000,107,,,
2,,"Lo and Li, Twin Tutors",tla,,English,,,2026-02-14 00:06:11.112000,108,,,
3,,"Mai, Scornful Striker",tla,,English,,,2026-02-14 00:06:11.112000,109,,,
2,,Merchant of Many Hats,tla,,English,,,2026-02-14 00:06:11.112000,110,,,
1,,Northern Air Temple,tla,,English,,,2026-02-14 00:06:11.112000,111,,,
1,,Obsessive Pursuit,tla,,English,,,2026-02-14 00:06:11.112000,112,,,
2,,Pirate Peddlers,tla,,English,,,2026-02-14 00:06:11.112000,115,,,
1,,Ruinous Waterbending,tla,,English,,,2026-02-14 00:06:11.112000,118,,,
1,,Sold Out,tla,,English,,,2026-02-14 00:06:11.112000,119,,,
4,,Swampsnare Trap,tla,,English,,,2026-02-14 00:06:11.112000,120,,,
1,,Wolfbat,tla,,English,,,2026-02-14 00:06:11.112000,122,,,
2,,Zuko's Conviction,tla,,English,,,2026-02-14 00:06:11.112000,123,,,
5,,Boar-q-pine,tla,,English,,,2026-02-14 00:06:11.112000,124,,,
4,,Bumi Bash,tla,,English,,,2026-02-14 00:06:11.112000,125,,,
1,,The Cave of Two Lovers,tla,,English,,,2026-02-14 00:06:11.112000,126,,,
2,,Combustion Man,tla,,English,,,2026-02-14 00:06:11.112000,127,,,
2,,Combustion Technique,tla,,English,,,2026-02-14 00:06:11.112000,128,,,
2,,Crescent Island Temple,tla,,English,,,2026-02-14 00:06:11.112000,129,,,
2,,Cunning Maneuver,tla,,English,,,2026-02-14 00:06:11.112000,130,,,
5,,Deserter's Disciple,tla,,English,,,2026-02-14 00:06:11.112000,131,,,
1,,Fated Firepower,tla,,English,,,2026-02-14 00:06:11.112000,132,,,
2,,Fire Nation Attacks,tla,,English,,,2026-02-14 00:06:11.112000,133,,,
3,,Fire Nation Cadets,tla,,English,,,2026-02-14 00:06:11.112000,134,,,
2,,Fire Nation Raider,tla,,English,,,2026-02-14 00:06:11.112000,135,,,
1,,Fire Sages,tla,,English,,,2026-02-14 00:06:11.112000,136,,,
2,,Firebending Lesson,tla,,English,,,2026-02-14 00:06:11.112000,138,,,
1,,Iroh's Demonstration,tla,,English,,,2026-02-14 00:06:11.112000,141,,,
1,,"Jeong Jeong, the Deserter",tla,,English,,,2026-02-14 00:06:11.112000,142,,,
1,,Jet's Brainwashing,tla,,English,,,2026-02-14 00:06:11.112000,143,,,
1,,The Last Agni Kai,tla,,English,,,2026-02-14 00:06:11.112000,144,,,
1,,Lightning Strike,tla,,English,,,2026-02-14 00:06:11.112000,146,,,
3,,"Mai, Jaded Edge",tla,,English,,,2026-02-14 00:06:11.112000,147,,,
1,,Mongoose Lizard,tla,,English,,,2026-02-14 00:06:11.112000,148,,,
1,,Redirect Lightning,tla,,English,,,2026-02-14 00:06:11.112000,151,,,
4,,Rough Rhino Cavalry,tla,,English,,,2026-02-14 00:06:11.112000,152,,,
1,,Solstice Revelations,tla,,English,,,2026-02-14 00:06:11.112000,153,,,
3,,Treetop Freedom Fighters,tla,,English,,,2026-02-14 00:06:11.113000,156,,,
3,,War Balloon,tla,,English,,,2026-02-14 00:06:11.113000,159,,,
3,,Wartime Protestors,tla,,English,,,2026-02-14 00:06:11.113000,160,,,
3,,Yuyan Archers,tla,,English,,,2026-02-14 00:06:11.113000,161,,,
1,,"Zuko, Exiled Prince",tla,,English,,,2026-02-14 00:06:11.113000,163,,,
1,,Avatar Destiny,tla,,English,,,2026-02-14 00:06:11.113000,165,,,
2,,Badgermole,tla,,English,,,2026-02-14 00:06:11.113000,166,,,
1,,"The Boulder, Ready to Rumble",tla,,English,,,2026-02-14 00:06:11.113000,168,,,
2,,"Bumi, King of Three Trials",tla,,English,,,2026-02-14 00:06:11.113000,169,,,
1,,Cycle of Renewal,tla,,English,,,2026-02-14 00:06:11.113000,170,,,
2,,Earth Kingdom General,tla,,English,,,2026-02-14 00:06:11.113000,173,,,
3,,Earth Rumble,tla,,English,,,2026-02-14 00:06:11.113000,174,,,
2,,Earthbending Lesson,tla,,English,,,2026-02-14 00:06:11.113000,176,,,
2,,Earthen Ally,tla,,English,,,2026-02-14 00:06:11.113000,177,,,
1,,Elemental Teachings,tla,,English,,,2026-02-14 00:06:11.113000,178,,,
6,,Foggy Swamp Vinebender,tla,,English,,,2026-02-14 00:06:11.113000,180,,,
2,,"Haru, Hidden Talent",tla,,English,,,2026-02-14 00:06:11.113000,182,,,
1,,Invasion Tactics,tla,,English,,,2026-02-14 00:06:11.113000,183,,,
1,,Leaves from the Vine,tla,,English,,,2026-02-14 00:06:11.113000,185,,,
2,,Origin of Metalbending,tla,,English,,,2026-02-14 00:06:11.113000,187,,,
4,,Ostrich-Horse,tla,,English,,,2026-02-14 00:06:11.113000,188,,,
3,,Pillar Launch,tla,,English,,,2026-02-14 00:06:11.113000,189,,,
2,,Raucous Audience,tla,,English,,,2026-02-14 00:06:11.113000,190,,,
2,,Rebellious Captives,tla,,English,,,2026-02-14 00:06:11.113000,191,,,
1,,Rocky Rebuke,tla,,English,,,2026-02-14 00:06:11.113000,193,,,
2,,Saber-Tooth Moose-Lion,tla,,English,,,2026-02-14 00:06:11.113000,194,,,
2,,Seismic Sense,tla,,English,,,2026-02-14 00:06:11.113000,195,,,
1,,Shared Roots,tla,,English,,,2026-02-14 00:06:11.113000,196,,,
1,,Sparring Dummy,tla,,English,,,2026-02-14 00:06:11.113000,197,,,
2,,"Toph, the Blind Bandit",tla,,English,,,2026-02-14 00:06:11.113000,198,,,
1,,Turtle-Duck,tla,,English,,,2026-02-14 00:06:11.113000,200,,,
1,,Unlucky Cabbage Merchant,tla,,English,,,2026-02-14 00:06:11.113000,201,,,
3,,Walltop Sentries,tla,,English,,,2026-02-14 00:06:11.113000,202,,,
4,,Abandon Attachments,tla,,English,,,2026-02-14 00:06:11.113000,205,,,
1,,Air Nomad Legacy,tla,,English,,,2026-02-14 00:06:11.113000,206,,,
1,,"Azula, Cunning Usurper",tla,,English,,,2026-02-14 00:06:11.113000,208,,,
1,,Beifong's Bounty Hunters,tla,,English,,,2026-02-14 00:06:11.113000,209,,,
1,,Bitter Work,tla,,English,,,2026-02-14 00:06:11.113000,210,,,
4,,Cat-Owl,tla,,English,,,2026-02-14 00:06:11.113000,212,,,
2,,Cruel Administrator,tla,,English,,,2026-02-14 00:06:11.113000,213,,,
2,,Dragonfly Swarm,tla,,English,,,2026-02-14 00:06:11.113000,215,,,
1,,Earth Kingdom Soldier,tla,,English,,,2026-02-14 00:06:11.113000,216,,,
5,,Earth Rumble Wrestlers,tla,,English,,,2026-02-14 00:06:11.113000,218,,,
4,,Earth Village Ruffians,tla,,English,,,2026-02-14 00:06:11.113000,219,,,
1,,Fire Lord Azula,tla,,English,,,2026-02-14 00:06:11.113000,220,,,
1,,Fire Lord Zuko,tla,,English,,,2026-02-14 00:06:11.113000,221,,,
1,,Foggy Swamp Spirit Keeper,tla,,English,,,2026-02-14 00:06:11.113000,222,,,
2,,Guru Pathik,tla,,English,,,2026-02-14 00:06:11.113000,223,,,
1,,"Hei Bai, Spirit of Balance",tla,,English,,,2026-02-14 00:06:11.113000,225,,,
1,,Hermitic Herbalist,tla,,English,,,2026-02-14 00:06:11.113000,226,,,
1,,"Jet, Freedom Fighter",tla,,English,,,2026-02-14 00:06:11.113000,229,,,
1,,"Katara, Water Tribe's Hope",tla,,English,,,2026-02-14 00:06:11.113000,231,,,
1,,"Long Feng, Grand Secretariat",tla,,English,,,2026-02-14 00:06:11.113000,233,,,
1,,Messenger Hawk,tla,,English,,,2026-02-14 00:06:11.113000,234,,,
1,,"Ozai, the Phoenix King",tla,,English,,,2026-02-14 00:06:11.113000,235,,,
2,,Platypus-Bear,tla,,English,,,2026-02-14 00:06:11.113000,236,,,
3,,Pretending Poxbearers,tla,,English,,,2026-02-14 00:06:11.113000,237,,,
1,,Sandbender Scavengers,tla,,English,,,2026-02-14 00:06:11.113000,239,,,
2,,"Sokka, Bold Boomeranger",tla,,English,,,2026-02-14 00:06:11.113000,240,,,
1,,"Sokka, Lateral Strategist",tla,,English,,,2026-02-14 00:06:11.113000,241,,,
1,,"Suki, Kyoshi Warrior",tla,,English,,,2026-02-14 00:06:11.113000,243,,,
1,,Tolls of War,tla,,English,,,2026-02-14 00:06:11.113000,245,,,
1,,"Toph, the First Metalbender",tla,,English,,,2026-02-14 00:06:11.113000,247,,,
3,,Vindictive Warden,tla,,English,,,2026-02-14 00:06:11.113000,249,,,
6,,Wandering Musicians,tla,,English,,,2026-02-14 00:06:11.113000,250,,,
2,,White Lotus Reinforcements,tla,,English,,,2026-02-14 00:06:11.113000,251,,,
1,,"Zhao, Ruthless Admiral",tla,,English,,,2026-02-14 00:06:11.113000,252,,,
1,,"Zuko, Conflicted",tla,,English,,,2026-02-14 00:06:11.113000,253,,,
2,,Barrels of Blasting Jelly,tla,,English,,,2026-02-14 00:06:11.113000,254,,,
2,,Kyoshi Battle Fan,tla,,English,,,2026-02-14 00:06:11.113000,257,,,
1,,Abandoned Air Temple,tla,,English,,,2026-02-14 00:06:11.113000,263,,,
2,,Airship Engine Room,tla,,English,,,2026-02-14 00:06:11.113000,265,,,
2,,Boiling Rock Prison,tla,,English,,,2026-02-14 00:06:11.113000,267,,,
1,,Fire Nation Palace,tla,,English,,,2026-02-14 00:06:11.113000,268,,,
1,,Foggy Bottom Swamp,tla,,English,,,2026-02-14 00:06:11.113000,269,,,
1,,Jasmine Dragon Tea Shop,tla,,English,,,2026-02-14 00:06:11.113000,270,,,
2,,Kyoshi Village,tla,,English,,,2026-02-14 00:06:11.113000,271,,,
1,,Meditation Pools,tla,,English,,,2026-02-14 00:06:11.113000,272,,,
3,,Misty Palms Oasis,tla,,English,,,2026-02-14 00:06:11.113000,273,,,
1,,North Pole Gates,tla,,English,,,2026-02-14 00:06:11.113000,274,,,
1,,Omashu City,tla,,English,,,2026-02-14 00:06:11.113000,275,,,
2,,Realm of Koh,tla,,English,,,2026-02-14 00:06:11.113000,276,,,
1,,Rumble Arena,tla,,English,,,2026-02-14 00:06:11.113000,277,,,
1,,Sun-Blessed Peak,tla,,English,,,2026-02-14 00:06:11.113000,280,,,
2,,White Lotus Hideout,tla,,English,,,2026-02-14 00:06:11.113000,281,,,
1,,Anticausal Vestige,eoe,,English,,,2026-02-14 00:06:11.113000,1,,,
1,,Astelli Reclaimer,eoe,,English,,,2026-02-14 00:06:11.113000,4,,,
1,,Auxiliary Boosters,eoe,,English,,,2026-02-14 00:06:11.113000,5,,,
1,,Brightspear Zealot,eoe,,English,,,2026-02-14 00:06:11.113000,8,,,
1,,Cosmogrand Zenith,eoe,,English,,,2026-02-14 00:06:11.113000,9,,,
2,,Dockworker Drone,eoe,,English,,,2026-02-14 00:06:11.113000,11,,,
1,,Dual-Sun Adepts,eoe,,English,,,2026-02-14 00:06:11.113000,12,,,
1,,Exalted Sunborn,eoe,,English,,,2026-02-14 00:06:11.113000,15,,,
1,,Exosuit Savior,eoe,,English,,,2026-02-14 00:06:11.113000,16,,,
1,,Flight-Deck Coordinator,eoe,,English,,,2026-02-14 00:06:11.113000,17,,,
1,,Focus Fire,eoe,,English,,,2026-02-14 00:06:11.113000,18,,,
1,,Honor,eoe,,English,,,2026-02-14 00:06:11.113000,21,,,
1,,Knight Luminary,eoe,,English,,,2026-02-14 00:06:11.113000,23,,,
1,,Lumen-Class Frigate,eoe,,English,,,2026-02-14 00:06:11.113000,25,,,
1,,Luxknight Breacher,eoe,,English,,,2026-02-14 00:06:11.113000,26,,,
1,,Pinnacle Starcage,eoe,,English,,,2026-02-14 00:06:11.113000,27,,,
2,,Radiant Strike,eoe,,English,,,2026-02-14 00:06:11.113000,29,,,
1,,Scout for Survivors,eoe,,English,,,2026-02-14 00:06:11.113000,33,,,
1,,Squire's Lightblade,eoe,,English,,,2026-02-14 00:06:11.113000,36,,,
1,,Starfighter Pilot,eoe,,English,,,2026-02-14 00:06:11.113000,38,,,
2,,Starport Security,eoe,,English,,,2026-02-14 00:06:11.113000,39,,,
1,,Sunstar Expansionist,eoe,,English,,,2026-02-14 00:06:11.113000,41,,,
2,,Sunstar Lightsmith,eoe,,English,,,2026-02-14 00:06:11.113000,42,,,
1,,Wedgelight Rammer,eoe,,English,,,2026-02-14 00:06:11.114000,43,,,
1,,Weftblade Enhancer,eoe,,English,,,2026-02-14 00:06:11.114000,44,,,
1,,Zealous Display,eoe,,English,,,2026-02-14 00:06:11.114000,45,,,
1,,Annul,eoe,,English,,,2026-02-14 00:06:11.114000,46,,,
1,,Cerebral Download,eoe,,English,,,2026-02-14 00:06:11.114000,48,,,
1,,Cloudsculpt Technician,eoe,,English,,,2026-02-14 00:06:11.114000,49,,,
1,,Codecracker Hound,eoe,,English,,,2026-02-14 00:06:11.114000,50,,,
1,,Consult the Star Charts,eoe,,English,,,2026-02-14 00:06:11.114000,51,,,
1,,Cryogen Relic,eoe,,English,,,2026-02-14 00:06:11.114000,52,,,
1,,Cryoshatter,eoe,,English,,,2026-02-14 00:06:11.114000,53,,,
1,,Divert Disaster,eoe,,English,,,2026-02-14 00:06:11.114000,55,,,
1,,Gigastorm Titan,eoe,,English,,,2026-02-14 00:06:11.114000,57,,,
2,,Illvoi Galeblade,eoe,,English,,,2026-02-14 00:06:11.114000,58,,,
1,,Illvoi Light Jammer,eoe,,English,,,2026-02-14 00:06:11.114000,60,,,
1,,Illvoi Operative,eoe,,English,,,2026-02-14 00:06:11.114000,61,,,
2,,Lost In Space,eoe,,English,,,2026-02-14 00:06:11.114000,62,,,
2,,Mechan Assembler,eoe,,English,,,2026-02-14 00:06:11.114000,63,,,
2,,Mechan Shieldmate,eoe,,English,,,2026-02-14 00:06:11.114000,65,,,
1,,Mechanozoa,eoe,,English,,,2026-02-14 00:06:11.114000,66,,,
1,,Mental Modulation,eoe,,English,,,2026-02-14 00:06:11.114000,67,,,
3,,Nanoform Sentinel,eoe,,English,,,2026-02-14 00:06:11.114000,71,,,
1,,Scour for Scrap,eoe,,English,,,2026-02-14 00:06:11.114000,73,,,
3,,Selfcraft Mechan,eoe,,English,,,2026-02-14 00:06:11.114000,74,,,
1,,Specimen Freighter,eoe,,English,,,2026-02-14 00:06:11.114000,76,,,
1,,Starbreach Whale,eoe,,English,,,2026-02-14 00:06:11.114000,77,,,
1,,Starwinder,eoe,,English,,,2026-02-14 00:06:11.114000,79,,,
1,,Uthros Scanship,eoe,,English,,,2026-02-14 00:06:11.114000,85,,,
1,,Beamsaw Prospector,eoe,,English,,,2026-02-14 00:06:11.114000,89,,,
1,,Blade of the Swarm,eoe,,English,,,2026-02-14 00:06:11.114000,90,,,
2,,Comet Crawler,eoe,,English,,,2026-02-14 00:06:11.114000,92,,,
1,,Dark Endurance,eoe,,English,,,2026-02-14 00:06:11.114000,93,,,
1,,Decode Transmissions,eoe,,English,,,2026-02-14 00:06:11.114000,94,,,
3,,Depressurize,eoe,,English,,,2026-02-14 00:06:11.114000,95,,,
1,,Dubious Delicacy,eoe,,English,,,2026-02-14 00:06:11.114000,96,,,
2,,Embrace Oblivion,eoe,,English,,,2026-02-14 00:06:11.114000,98,,,
1,,Entropic Battlecruiser,eoe,,English,,,2026-02-14 00:06:11.114000,99,,,
1,,Faller's Faithful,eoe,,English,,,2026-02-14 00:06:11.114000,100,,,
1,,Fell Gravship,eoe,,English,,,2026-02-14 00:06:11.114000,101,,,
1,,Gravblade Heavy,eoe,,English,,,2026-02-14 00:06:11.114000,102,,,
1,,Gravkill,eoe,,English,,,2026-02-14 00:06:11.114000,103,,,
1,,Gravpack Monoist,eoe,,English,,,2026-02-14 00:06:11.114000,104,,,
1,,Insatiable Skittermaw,eoe,,English,,,2026-02-14 00:06:11.114000,108,,,
1,,Lightless Evangel,eoe,,English,,,2026-02-14 00:06:11.114000,109,,,
2,,Monoist Circuit-Feeder,eoe,,English,,,2026-02-14 00:06:11.114000,110,,,
1,,Perigee Beckoner,eoe,,English,,,2026-02-14 00:06:11.114000,112,,,
1,,Requiem Monolith,eoe,,English,,,2026-02-14 00:06:11.114000,113,,,
1,,Scrounge for Eternity,eoe,,English,,,2026-02-14 00:06:11.114000,114,,,
1,,Susurian Voidborn,eoe,,English,,,2026-02-14 00:06:11.114000,118,,,
1,,Timeline Culler,eoe,,English,,,2026-02-14 00:06:11.114000,121,,,
3,,Virus Beetle,eoe,,English,,,2026-02-14 00:06:11.114000,124,,,
1,,Vote Out,eoe,,English,,,2026-02-14 00:06:11.114000,126,,,
1,,Bombard,eoe,,English,,,2026-02-14 00:06:11.114000,129,,,
1,,Debris Field Crusher,eoe,,English,,,2026-02-14 00:06:11.114000,131,,,
1,,Drill Too Deep,eoe,,English,,,2026-02-14 00:06:11.114000,133,,,
2,,Frontline War-Rager,eoe,,English,,,2026-02-14 00:06:11.114000,134,,,
1,,Galvanizing Sawship,eoe,,English,,,2026-02-14 00:06:11.114000,136,,,
1,,Invasive Maneuvers,eoe,,English,,,2026-02-14 00:06:11.114000,137,,,
1,,Kav Landseeker,eoe,,English,,,2026-02-14 00:06:11.114000,138,,,
1,,Kavaron Harrier,eoe,,English,,,2026-02-14 00:06:11.114000,139,,,
1,,Kavaron Skywarden,eoe,,English,,,2026-02-14 00:06:11.114000,140,,,
2,,Kavaron Turbodrone,eoe,,English,,,2026-02-14 00:06:11.114000,141,,,
1,,Melded Moxite,eoe,,English,,,2026-02-14 00:06:11.114000,143,,,
1,,Memorial Team Leader,eoe,,English,,,2026-02-14 00:06:11.114000,144,,,
1,,Nebula Dragon,eoe,,English,,,2026-02-14 00:06:11.114000,147,,,
1,,Oreplate Pangolin,eoe,,English,,,2026-02-14 00:06:11.114000,150,,,
2,,Plasma Bolt,eoe,,English,,,2026-02-14 00:06:11.114000,152,,,
2,,Red Tiger Mechan,eoe,,English,,,2026-02-14 00:06:11.114000,154,,,
1,,Remnant Elemental,eoe,,English,,,2026-02-14 00:06:11.114000,155,,,
1,,Rig for War,eoe,,English,,,2026-02-14 00:06:11.114000,156,,,
1,,Roving Actuator,eoe,,English,,,2026-02-14 00:06:11.114000,157,,,
1,,Ruinous Rampage,eoe,,English,,,2026-02-14 00:06:11.114000,158,,,
1,,Slagdrill Scrapper,eoe,,English,,,2026-02-14 00:06:11.114000,160,,,
1,,Territorial Bruntar,eoe,,English,,,2026-02-14 00:06:11.114000,165,,,
1,,Weftstalker Ardent,eoe,,English,,,2026-02-14 00:06:11.114000,169,,,
1,,Zookeeper Mechan,eoe,,English,,,2026-02-14 00:06:11.114000,170,,,
1,,Bioengineered Future,eoe,,English,,,2026-02-14 00:06:11.114000,172,,,
1,,Biosynthic Burst,eoe,,English,,,2026-02-14 00:06:11.114000,173,,,
1,,Blooming Stinger,eoe,,English,,,2026-02-14 00:06:11.114000,174,,,
1,,Close Encounter,eoe,,English,,,2026-02-14 00:06:11.114000,176,,,
1,,Diplomatic Relations,eoe,,English,,,2026-02-14 00:06:11.114000,177,,,
1,,Eumidian Terrabotanist,eoe,,English,,,2026-02-14 00:06:11.114000,180,,,
1,,Fungal Colossus,eoe,,English,,,2026-02-14 00:06:11.114000,184,,,
1,,Galactic Wayfarer,eoe,,English,,,2026-02-14 00:06:11.114000,185,,,
2,,Gene Pollinator,eoe,,English,,,2026-02-14 00:06:11.114000,186,,,
1,,Germinating Wurm,eoe,,English,,,2026-02-14 00:06:11.114000,187,,,
1,,Harmonious Grovestrider,eoe,,English,,,2026-02-14 00:06:11.114000,189,,,
1,,Icetill Explorer,eoe,,English,,,2026-02-14 00:06:11.114000,192,,,
1,,Intrepid Tenderfoot,eoe,,English,,,2026-02-14 00:06:11.114000,193,,,
1,,Lashwhip Predator,eoe,,English,,,2026-02-14 00:06:11.114000,195,,,
1,,Loading Zone,eoe,,English,,,2026-02-14 00:06:11.114000,196,,,
1,,Meltstrider Eulogist,eoe,,English,,,2026-02-14 00:06:11.114000,197,,,
2,,Meltstrider's Gear,eoe,,English,,,2026-02-14 00:06:11.114000,198,,,
1,,Pull Through the Weft,eoe,,English,,,2026-02-14 00:06:11.114000,202,,,
1,,Seedship Impact,eoe,,English,,,2026-02-14 00:06:11.114000,205,,,
1,,Shattered Wings,eoe,,English,,,2026-02-14 00:06:11.114000,206,,,
2,,Skystinger,eoe,,English,,,2026-02-14 00:06:11.114000,207,,,
1,,Thawbringer,eoe,,English,,,2026-02-14 00:06:11.114000,211,,,
1,,"Alpharael, Dreaming Acolyte",eoe,,English,,,2026-02-14 00:06:11.114000,212,,,
1,,Biomechan Engineer,eoe,,English,,,2026-02-14 00:06:11.114000,213,,,
2,,"Dyadrine, Synthesis Amalgam",eoe,,English,,,2026-02-14 00:06:11.114000,216,,,
1,,"Haliya, Ascendant Cadet",eoe,,English,,,2026-02-14 00:06:11.115000,218,,,
1,,Infinite Guideline Station,eoe,,English,,,2026-02-14 00:06:11.115000,219,,,
1,,Mutinous Massacre,eoe,,English,,,2026-02-14 00:06:11.115000,222,,,
1,,"Sami, Ship's Engineer",eoe,,English,,,2026-02-14 00:06:11.115000,225,,,
1,,Bygone Colossus,eoe,,English,,,2026-02-14 00:06:11.115000,235,,,
2,,Chrome Companion,eoe,,English,,,2026-02-14 00:06:11.115000,236,,,
1,,Pinnacle Kill-Ship,eoe,,English,,,2026-02-14 00:06:11.115000,244,,,
2,,Thaumaton Torpedo,eoe,,English,,,2026-02-14 00:06:11.115000,246,,,
1,,Thrumming Hivepool,eoe,,English,,,2026-02-14 00:06:11.115000,247,,,
1,,Virulent Silencer,eoe,,English,,,2026-02-14 00:06:11.115000,248,,,
1,,Command Bridge,eoe,,English,,,2026-02-14 00:06:11.115000,252,,,
1,,Secluded Starforge,eoe,,English,,,2026-02-14 00:06:11.115000,257,,,
1,,Watery Grave,eoe,,English,,,2026-02-14 00:06:11.115000,261,,,
1,,High Market (Borderless),eos,,English,,,2026-02-14 00:06:11.115000,18,,,
1,,Terrain Generator (Borderless),eos,,English,,,2026-02-14 00:06:11.115000,43,,,
1,,"Ultima, Origin of Oblivion",fin,,English,foil,,2026-02-14 00:06:11.115000,2,,,
3,,Adelbert Steiner,fin,,English,,,2026-02-14 00:06:11.115000,3,,,
2,,Aerith Gainsborough,fin,,English,,,2026-02-14 00:06:11.115000,4,,,
4,,Aerith Rescue Mission,fin,,English,,,2026-02-14 00:06:11.115000,5,,,
3,,Ambrosia Whiteheart,fin,,English,,,2026-02-14 00:06:11.115000,6,,,
1,,Ambrosia Whiteheart,fin,,English,foil,,2026-02-14 00:06:11.115000,6,,,
1,,"Ashe, Princess of Dalmasca",fin,,English,,,2026-02-14 00:06:11.115000,7,,,
1,,"Ashe, Princess of Dalmasca",fin,,English,foil,,2026-02-14 00:06:11.115000,7,,,
3,,Auron's Inspiration,fin,,English,,,2026-02-14 00:06:11.115000,8,,,
2,,Battle Menu,fin,,English,,,2026-02-14 00:06:11.115000,9,,,
1,,Battle Menu,fin,,English,foil,,2026-02-14 00:06:11.115000,9,,,
1,,"Cloud, Midgar Mercenary",fin,,English,,,2026-02-14 00:06:11.115000,10,,,
6,,Cloudbound Moogle,fin,,English,,,2026-02-14 00:06:11.115000,11,,,
1,,Cloudbound Moogle,fin,,English,foil,,2026-02-14 00:06:11.115000,11,,,
5,,Coeurl,fin,,English,,,2026-02-14 00:06:11.115000,12,,,
2,,Crystal Fragments // Summon: Alexander,fin,,English,,,2026-02-14 00:06:11.115000,13,,,
2,,The Crystal's Chosen,fin,,English,,,2026-02-14 00:06:11.115000,14,,,
3,,Delivery Moogle,fin,,English,,,2026-02-14 00:06:11.115000,15,,,
1,,"Dion, Bahamut's Dominant // Bahamut, Warden of Light",fin,,English,,,2026-02-14 00:06:11.115000,16,,,
3,,Dragoon's Lance,fin,,English,,,2026-02-14 00:06:11.115000,17,,,
5,,Dwarven Castle Guard,fin,,English,,,2026-02-14 00:06:11.115000,18,,,
3,,Dwarven Castle Guard,fin,,English,foil,,2026-02-14 00:06:11.115000,18,,,
5,,Fate of the Sun-Cryst,fin,,English,,,2026-02-14 00:06:11.115000,19,,,
1,,From Father to Son,fin,,English,,,2026-02-14 00:06:11.115000,20,,,
2,,G'raha Tia,fin,,English,,,2026-02-14 00:06:11.115000,21,,,
6,,Gaelicat,fin,,English,,,2026-02-14 00:06:11.115000,22,,,
1,,Gaelicat,fin,,English,foil,,2026-02-14 00:06:11.115000,22,,,
2,,Machinist's Arsenal,fin,,English,,,2026-02-14 00:06:11.115000,23,,,
2,,Magitek Armor,fin,,English,,,2026-02-14 00:06:11.115000,24,,,
4,,Magitek Infantry,fin,,English,,,2026-02-14 00:06:11.115000,25,,,
1,,"Minwu, White Mage",fin,,English,,,2026-02-14 00:06:11.115000,26,,,
4,,Moogles' Valor,fin,,English,,,2026-02-14 00:06:11.115000,27,,,
12,,Paladin's Arms,fin,,English,,,2026-02-14 00:06:11.115000,28,,,
3,,Phoenix Down,fin,,English,,,2026-02-14 00:06:11.115000,29,,,
1,,Restoration Magic,fin,,English,,,2026-02-14 00:06:11.115000,30,,,
2,,Sidequest: Catch a Fish // Cooking Campsite,fin,,English,,,2026-02-14 00:06:11.115000,31,,,
1,,Sidequest: Catch a Fish // Cooking Campsite,fin,,English,foil,,2026-02-14 00:06:11.115000,31,,,
5,,Slash of Light,fin,,English,,,2026-02-14 00:06:11.115000,32,,,
1,,Snow Villiers,fin,,English,,,2026-02-14 00:06:11.115000,33,,,
1,,"Stiltzkin, Moogle Merchant",fin,,English,,,2026-02-14 00:06:11.115000,34,,,
9,,Summon: Choco/Mog,fin,,English,,,2026-02-14 00:06:11.115000,35,,,
2,,Summon: Knights of Round,fin,,English,,,2026-02-14 00:06:11.115000,36,,,
1,,Summon: Primal Garuda,fin,,English,,,2026-02-14 00:06:11.115000,37,,,
2,,Ultima,fin,,English,,,2026-02-14 00:06:11.115000,38,,,
1,,"Venat, Heart of Hydaelyn // Hydaelyn, the Mothercrystal",fin,,English,,,2026-02-14 00:06:11.115000,39,,,
8,,Weapons Vendor,fin,,English,,,2026-02-14 00:06:11.115000,40,,,
5,,White Auracite,fin,,English,,,2026-02-14 00:06:11.115000,41,,,
1,,White Auracite,fin,,English,foil,,2026-02-14 00:06:11.115000,41,,,
4,,White Mage's Staff,fin,,English,,,2026-02-14 00:06:11.115000,42,,,
1,,The Wind Crystal,fin,,English,,,2026-02-14 00:06:11.115000,43,,,
9,,You're Not Alone,fin,,English,,,2026-02-14 00:06:11.115000,44,,,
4,,Zack Fair,fin,,English,,,2026-02-14 00:06:11.115000,45,,,
3,,Cargo Ship,fin,,English,,,2026-02-14 00:06:11.115000,47,,,
8,,Combat Tutorial,fin,,English,,,2026-02-14 00:06:11.115000,48,,,
3,,Dragoon's Wyvern,fin,,English,,,2026-02-14 00:06:11.115000,49,,,
8,,Dreams of Laguna,fin,,English,,,2026-02-14 00:06:11.115000,50,,,
2,,"Edgar, King of Figaro",fin,,English,,,2026-02-14 00:06:11.115000,51,,,
3,,Eject,fin,,English,,,2026-02-14 00:06:11.115000,52,,,
3,,Ether,fin,,English,,,2026-02-14 00:06:11.115000,53,,,
6,,Ice Flan,fin,,English,,,2026-02-14 00:06:11.115000,55,,,
5,,Ice Magic,fin,,English,,,2026-02-14 00:06:11.115000,56,,,
1,,Ice Magic,fin,,English,foil,,2026-02-14 00:06:11.115000,56,,,
3,,Il Mheg Pixie,fin,,English,,,2026-02-14 00:06:11.115000,57,,,
1,,"Jill, Shiva's Dominant // Shiva, Warden of Ice",fin,,English,,,2026-02-14 00:06:11.115000,58,,,
1,,"Jill, Shiva's Dominant // Shiva, Warden of Ice",fin,,English,foil,,2026-02-14 00:06:11.115000,58,,,
1,,Louisoix's Sacrifice,fin,,English,,,2026-02-14 00:06:11.115000,59,,,
2,,The Lunar Whale,fin,,English,,,2026-02-14 00:06:11.115000,60,,,
9,,Magic Damper,fin,,English,,,2026-02-14 00:06:11.115000,61,,,
2,,Memories Returning,fin,,English,,,2026-02-14 00:06:11.115000,63,,,
2,,The Prima Vista,fin,,English,,,2026-02-14 00:06:11.115000,64,,,
5,,Qiqirn Merchant,fin,,English,,,2026-02-14 00:06:11.115000,65,,,
1,,Qiqirn Merchant,fin,,English,foil,,2026-02-14 00:06:11.115000,65,,,
2,,Quistis Trepe,fin,,English,,,2026-02-14 00:06:11.115000,66,,,
3,,Relm's Sketching,fin,,English,,,2026-02-14 00:06:11.115000,67,,,
6,,Retrieve the Esper,fin,,English,,,2026-02-14 00:06:11.115000,68,,,
1,,Retrieve the Esper,fin,,English,foil,,2026-02-14 00:06:11.115000,68,,,
5,,Rook Turret,fin,,English,,,2026-02-14 00:06:11.115000,69,,,
7,,Sage's Nouliths,fin,,English,,,2026-02-14 00:06:11.115000,70,,,
4,,Sahagin,fin,,English,,,2026-02-14 00:06:11.115000,71,,,
6,,Scorpion Sentinel,fin,,English,,,2026-02-14 00:06:11.115000,72,,,
1,,Sidequest: Card Collection // Magicked Card,fin,,English,foil,,2026-02-14 00:06:11.115000,73,,,
3,,Sleep Magic,fin,,English,,,2026-02-14 00:06:11.115000,74,,,
2,,Stolen Uniform,fin,,English,,,2026-02-14 00:06:11.115000,75,,,
8,,Stuck in Summoner's Sanctum,fin,,English,,,2026-02-14 00:06:11.115000,76,,,
2,,Summon: Leviathan,fin,,English,,,2026-02-14 00:06:11.115000,77,,,
4,,Summon: Shiva,fin,,English,,,2026-02-14 00:06:11.115000,78,,,
3,,Swallowed by Leviathan,fin,,English,,,2026-02-14 00:06:11.115000,79,,,
1,,Swallowed by Leviathan,fin,,English,foil,,2026-02-14 00:06:11.115000,79,,,
9,,Syncopate,fin,,English,,,2026-02-14 00:06:11.115000,80,,,
4,,Thief's Knife,fin,,English,,,2026-02-14 00:06:11.115000,81,,,
3,,Travel the Overworld,fin,,English,,,2026-02-14 00:06:11.115000,82,,,
3,,"Ultros, Obnoxious Octopus",fin,,English,,,2026-02-14 00:06:11.115000,83,,,
2,,Valkyrie Aerial Unit,fin,,English,,,2026-02-14 00:06:11.115000,84,,,
1,,The Water Crystal,fin,,English,,,2026-02-14 00:06:11.115000,85,,,
3,,Y'shtola Rhul,fin,,English,,,2026-02-14 00:06:11.115000,86,,,
6,,Ahriman,fin,,English,,,2026-02-14 00:06:11.115000,87,,,
4,,Al Bhed Salvagers,fin,,English,,,2026-02-14 00:06:11.115000,88,,,
4,,"Ardyn, the Usurper",fin,,English,,,2026-02-14 00:06:11.115000,89,,,
9,,Black Mage's Rod,fin,,English,,,2026-02-14 00:06:11.115000,90,,,
1,,Black Mage's Rod,fin,,English,foil,,2026-02-14 00:06:11.115000,90,,,
3,,Circle of Power,fin,,English,,,2026-02-14 00:06:11.115000,92,,,
4,,Cornered by Black Mages,fin,,English,,,2026-02-14 00:06:11.115000,93,,,
1,,Cornered by Black Mages,fin,,English,foil,,2026-02-14 00:06:11.115000,93,,,
2,,Dark Confidant,fin,,English,,,2026-02-14 00:06:11.115000,94,,,
2,,Dark Knight's Greatsword,fin,,English,,,2026-02-14 00:06:11.116000,95,,,
1,,Dark Knight's Greatsword,fin,,English,foil,,2026-02-14 00:06:11.116000,95,,,
1,,The Darkness Crystal,fin,,English,foil,,2026-02-14 00:06:11.116000,96,,,
2,,Demon Wall,fin,,English,,,2026-02-14 00:06:11.116000,97,,,
1,,Evil Reawakened,fin,,English,,,2026-02-14 00:06:11.116000,98,,,
2,,"Fang, Fearless l'Cie",fin,,English,,,2026-02-14 00:06:11.116000,99,,,
8,,Fight On!,fin,,English,,,2026-02-14 00:06:11.116000,100,,,
2,,The Final Days,fin,,English,,,2026-02-14 00:06:11.116000,101,,,
3,,Gaius van Baelsar,fin,,English,,,2026-02-14 00:06:11.116000,102,,,
7,,Hecteyes,fin,,English,,,2026-02-14 00:06:11.116000,103,,,
2,,"Kain, Traitorous Dragoon",fin,,English,,,2026-02-14 00:06:11.116000,105,,,
1,,"Kain, Traitorous Dragoon",fin,,English,foil,,2026-02-14 00:06:11.116000,105,,,
6,,Malboro,fin,,English,,,2026-02-14 00:06:11.116000,106,,,
6,,Namazu Trader,fin,,English,,,2026-02-14 00:06:11.116000,107,,,
2,,Ninja's Blades,fin,,English,,,2026-02-14 00:06:11.116000,108,,,
2,,Overkill,fin,,English,,,2026-02-14 00:06:11.116000,109,,,
4,,Phantom Train,fin,,English,,,2026-02-14 00:06:11.116000,110,,,
4,,Poison the Waters,fin,,English,,,2026-02-14 00:06:11.116000,111,,,
6,,Qutrub Forayer,fin,,English,,,2026-02-14 00:06:11.116000,112,,,
5,,Reno and Rude,fin,,English,,,2026-02-14 00:06:11.116000,113,,,
6,,Resentful Revelation,fin,,English,,,2026-02-14 00:06:11.116000,114,,,
6,,Sephiroth's Intervention,fin,,English,,,2026-02-14 00:06:11.116000,116,,,
2,,Shambling Cie'th,fin,,English,,,2026-02-14 00:06:11.116000,117,,,
1,,Shambling Cie'th,fin,,English,foil,,2026-02-14 00:06:11.116000,117,,,
5,,Shinra Reinforcements,fin,,English,,,2026-02-14 00:06:11.116000,118,,,
2,,"Sidequest: Hunt the Mark // Yiazmat, Ultimate Mark",fin,,English,,,2026-02-14 00:06:11.116000,119,,,
6,,Summon: Anima,fin,,English,,,2026-02-14 00:06:11.116000,120,,,
2,,Tonberry,fin,,English,,,2026-02-14 00:06:11.116000,122,,,
7,,Undercity Dire Rat,fin,,English,,,2026-02-14 00:06:11.116000,123,,,
1,,Undercity Dire Rat,fin,,English,foil,,2026-02-14 00:06:11.116000,123,,,
3,,Vayne's Treachery,fin,,English,,,2026-02-14 00:06:11.116000,124,,,
2,,Vincent Valentine // Galian Beast,fin,,English,,,2026-02-14 00:06:11.116000,125,,,
7,,Vincent's Limit Break,fin,,English,,,2026-02-14 00:06:11.116000,126,,,
1,,Vincent's Limit Break,fin,,English,foil,,2026-02-14 00:06:11.116000,126,,,
2,,"Zenos yae Galvus // Shinryu, Transcendent Rival",fin,,English,,,2026-02-14 00:06:11.116000,127,,,
2,,Barret Wallace,fin,,English,,,2026-02-14 00:06:11.116000,129,,,
7,,Blazing Bomb,fin,,English,,,2026-02-14 00:06:11.116000,130,,,
7,,Call the Mountain Chocobo,fin,,English,,,2026-02-14 00:06:11.116000,131,,,
1,,Call the Mountain Chocobo,fin,,English,foil,,2026-02-14 00:06:11.116000,131,,,
2,,Choco-Comet,fin,,English,,,2026-02-14 00:06:11.116000,132,,,
2,,Coral Sword,fin,,English,,,2026-02-14 00:06:11.116000,134,,,
1,,Fire Magic,fin,,English,,,2026-02-14 00:06:11.116000,136,,,
1,,"Firion, Wild Rose Warrior",fin,,English,,,2026-02-14 00:06:11.116000,137,,,
4,,Freya Crescent,fin,,English,,,2026-02-14 00:06:11.116000,138,,,
5,,Haste Magic,fin,,English,,,2026-02-14 00:06:11.116000,140,,,
5,,Hill Gigas,fin,,English,,,2026-02-14 00:06:11.116000,141,,,
1,,Hill Gigas,fin,,English,foil,,2026-02-14 00:06:11.116000,141,,,
5,,Item Shopkeep,fin,,English,,,2026-02-14 00:06:11.116000,142,,,
7,,Laughing Mad,fin,,English,,,2026-02-14 00:06:11.116000,143,,,
5,,Light of Judgment,fin,,English,,,2026-02-14 00:06:11.116000,144,,,
7,,Mysidian Elder,fin,,English,,,2026-02-14 00:06:11.116000,145,,,
2,,Opera Love Song,fin,,English,,,2026-02-14 00:06:11.116000,147,,,
3,,Prompto Argentum,fin,,English,,,2026-02-14 00:06:11.116000,148,,,
2,,Queen Brahne,fin,,English,,,2026-02-14 00:06:11.116000,149,,,
3,,Random Encounter,fin,,English,,,2026-02-14 00:06:11.116000,150,,,
1,,"Raubahn, Bull of Ala Mhigo",fin,,English,,,2026-02-14 00:06:11.116000,151,,,
5,,Red Mage's Rapier,fin,,English,,,2026-02-14 00:06:11.116000,152,,,
1,,Red Mage's Rapier,fin,,English,foil,,2026-02-14 00:06:11.116000,152,,,
7,,Sabotender,fin,,English,,,2026-02-14 00:06:11.116000,153,,,
3,,Samurai's Katana,fin,,English,,,2026-02-14 00:06:11.116000,154,,,
3,,Sandworm,fin,,English,,,2026-02-14 00:06:11.116000,155,,,
1,,Sandworm,fin,,English,foil,,2026-02-14 00:06:11.116000,155,,,
4,,Seifer Almasy,fin,,English,,,2026-02-14 00:06:11.116000,156,,,
2,,Self-Destruct,fin,,English,,,2026-02-14 00:06:11.116000,157,,,
2,,"Sidequest: Play Blitzball // World Champion, Celestial Weapon",fin,,English,,,2026-02-14 00:06:11.116000,158,,,
2,,Sorceress's Schemes,fin,,English,,,2026-02-14 00:06:11.116000,159,,,
1,,Sorceress's Schemes,fin,,English,foil,,2026-02-14 00:06:11.116000,159,,,
7,,Summon: Esper Ramuh,fin,,English,,,2026-02-14 00:06:11.116000,161,,,
1,,Summon: G.F. Cerberus,fin,,English,,,2026-02-14 00:06:11.116000,162,,,
12,,Summon: G.F. Ifrit,fin,,English,,,2026-02-14 00:06:11.116000,163,,,
6,,Suplex,fin,,English,,,2026-02-14 00:06:11.116000,164,,,
5,,Thunder Magic,fin,,English,,,2026-02-14 00:06:11.116000,165,,,
1,,Triple Triad,fin,,English,,,2026-02-14 00:06:11.116000,166,,,
1,,Unexpected Request,fin,,English,,,2026-02-14 00:06:11.116000,167,,,
1,,"Vaan, Street Thief",fin,,English,,,2026-02-14 00:06:11.116000,168,,,
7,,Warrior's Sword,fin,,English,,,2026-02-14 00:06:11.116000,169,,,
2,,Warrior's Sword,fin,,English,foil,,2026-02-14 00:06:11.116000,169,,,
2,,Zell Dincht,fin,,English,,,2026-02-14 00:06:11.116000,170,,,
4,,Airship Crash,fin,,English,,,2026-02-14 00:06:11.116000,171,,,
1,,Ancient Adamantoise,fin,,English,,,2026-02-14 00:06:11.116000,172,,,
5,,Balamb T-Rexaur,fin,,English,,,2026-02-14 00:06:11.116000,173,,,
8,,Bard's Bow,fin,,English,,,2026-02-14 00:06:11.116000,174,,,
1,,Bartz and Boko,fin,,English,,,2026-02-14 00:06:11.116000,175,,,
12,,Blitzball Shot,fin,,English,,,2026-02-14 00:06:11.116000,176,,,
4,,Cactuar,fin,,English,,,2026-02-14 00:06:11.116000,177,,,
1,,Cactuar,fin,,English,foil,,2026-02-14 00:06:11.116000,177,,,
6,,Chocobo Kick,fin,,English,,,2026-02-14 00:06:11.116000,178,,,
1,,Chocobo Kick,fin,,English,foil,,2026-02-14 00:06:11.116000,178,,,
1,,Chocobo Racetrack,fin,,English,,,2026-02-14 00:06:11.116000,179,,,
2,,Chocobo Racetrack,fin,,English,foil,,2026-02-14 00:06:11.116000,179,,,
3,,Clash of the Eikons,fin,,English,,,2026-02-14 00:06:11.116000,180,,,
3,,Coliseum Behemoth,fin,,English,,,2026-02-14 00:06:11.116000,181,,,
8,,Commune with Beavers,fin,,English,,,2026-02-14 00:06:11.116000,182,,,
3,,Diamond Weapon,fin,,English,,,2026-02-14 00:06:11.116000,183,,,
2,,Diamond Weapon,fin,,English,foil,,2026-02-14 00:06:11.116000,183,,,
1,,The Earth Crystal,fin,,English,,,2026-02-14 00:06:11.116000,184,,,
2,,Esper Origins // Summon: Esper Maduin,fin,,English,,,2026-02-14 00:06:11.116000,185,,,
1,,Galuf's Final Act,fin,,English,,,2026-02-14 00:06:11.116000,186,,,
6,,Gigantoad,fin,,English,,,2026-02-14 00:06:11.116000,187,,,
6,,Goobbue Gardener,fin,,English,,,2026-02-14 00:06:11.116000,188,,,
1,,Goobbue Gardener,fin,,English,foil,,2026-02-14 00:06:11.116000,188,,,
4,,Gran Pulse Ochu,fin,,English,,,2026-02-14 00:06:11.116000,189,,,
5,,Gysahl Greens,fin,,English,,,2026-02-14 00:06:11.116000,190,,,
1,,Jumbo Cactuar,fin,,English,,,2026-02-14 00:06:11.116000,191,,,
10,,Loporrit Scout,fin,,English,,,2026-02-14 00:06:11.116000,192,,,
5,,Prishe's Wanderings,fin,,English,,,2026-02-14 00:06:11.116000,193,,,
1,,Prishe's Wanderings,fin,,English,foil,,2026-02-14 00:06:11.116000,193,,,
1,,"Quina, Qu Gourmet",fin,,English,,,2026-02-14 00:06:11.116000,194,,,
3,,Reach the Horizon,fin,,English,,,2026-02-14 00:06:11.116000,195,,,
1,,A Realm Reborn,fin,,English,,,2026-02-14 00:06:11.116000,196,,,
1,,A Realm Reborn,fin,,English,foil,,2026-02-14 00:06:11.116000,196,,,
2,,Ride the Shoopuf,fin,,English,,,2026-02-14 00:06:11.116000,197,,,
1,,Ride the Shoopuf,fin,,English,foil,,2026-02-14 00:06:11.116000,197,,,
3,,Rydia's Return,fin,,English,,,2026-02-14 00:06:11.116000,198,,,
2,,Sazh Katzroy,fin,,English,,,2026-02-14 00:06:11.116000,199,,,
3,,Sazh's Chocobo,fin,,English,,,2026-02-14 00:06:11.116000,200,,,
1,,Sidequest: Raise a Chocobo // Black Chocobo,fin,,English,,,2026-02-14 00:06:11.116000,201,,,
4,,Summon: Fat Chocobo,fin,,English,,,2026-02-14 00:06:11.116000,202,,,
2,,Summon: Fenrir,fin,,English,,,2026-02-14 00:06:11.116000,203,,,
1,,Summon: Titan,fin,,English,,,2026-02-14 00:06:11.116000,204,,,
1,,Tifa Lockhart,fin,,English,,,2026-02-14 00:06:11.116000,206,,,
3,,Tifa's Limit Break,fin,,English,,,2026-02-14 00:06:11.116000,207,,,
2,,"Torgal, A Fine Hound",fin,,English,,,2026-02-14 00:06:11.116000,208,,,
3,,Town Greeter,fin,,English,,,2026-02-14 00:06:11.116000,209,,,
4,,"Vanille, Cheerful l'Cie",fin,,English,,,2026-02-14 00:06:11.116000,211,,,
1,,"Vanille, Cheerful l'Cie",fin,,English,foil,,2026-02-14 00:06:11.116000,211,,,
1,,Balthier and Fran,fin,,English,,,2026-02-14 00:06:11.117000,213,,,
2,,Black Waltz No. 3,fin,,English,,,2026-02-14 00:06:11.117000,214,,,
1,,"Choco, Seeker of Paradise",fin,,English,,,2026-02-14 00:06:11.117000,215,,,
2,,"Cid, Timeless Artificer",fin,,English,,,2026-02-14 00:06:11.117000,216,,,
2,,Cloud of Darkness,fin,,English,,,2026-02-14 00:06:11.117000,217,,,
2,,"Emet-Selch, Unsundered // Hades, Sorcerer of Eld",fin,,English,,,2026-02-14 00:06:11.117000,218,,,
3,,The Emperor of Palamecia // The Lord Master of Hell,fin,,English,,,2026-02-14 00:06:11.117000,219,,,
1,,The Emperor of Palamecia // The Lord Master of Hell,fin,,English,foil,,2026-02-14 00:06:11.117000,219,,,
1,,"Exdeath, Void Warlock // Neo Exdeath, Dimension's End",fin,,English,,,2026-02-14 00:06:11.117000,220,,,
5,,"Garland, Knight of Cornelia // Chaos, the Endless",fin,,English,,,2026-02-14 00:06:11.117000,221,,,
2,,"Garnet, Princess of Alexandria",fin,,English,,,2026-02-14 00:06:11.117000,222,,,
4,,"Giott, King of the Dwarves",fin,,English,,,2026-02-14 00:06:11.117000,223,,,
2,,Gladiolus Amicitia,fin,,English,,,2026-02-14 00:06:11.117000,224,,,
3,,Hope Estheim,fin,,English,,,2026-02-14 00:06:11.117000,226,,,
3,,Ignis Scientia,fin,,English,,,2026-02-14 00:06:11.117000,227,,,
1,,"Jenova, Ancient Calamity",fin,,English,,,2026-02-14 00:06:11.117000,228,,,
2,,"Joshua, Phoenix's Dominant // Phoenix, Warden of Fire",fin,,English,,,2026-02-14 00:06:11.117000,229,,,
2,,Judge Magister Gabranth,fin,,English,,,2026-02-14 00:06:11.117000,230,,,
1,,"Kefka, Court Mage // Kefka, Ruler of Ruin",fin,,English,,,2026-02-14 00:06:11.117000,231,,,
1,,"Lightning, Army of One",fin,,English,,,2026-02-14 00:06:11.117000,233,,,
2,,Locke Cole,fin,,English,,,2026-02-14 00:06:11.117000,234,,,
1,,"Noctis, Prince of Lucis",fin,,English,,,2026-02-14 00:06:11.117000,235,,,
2,,"Omega, Heartless Evolution",fin,,English,,,2026-02-14 00:06:11.117000,236,,,
2,,Rinoa Heartilly,fin,,English,,,2026-02-14 00:06:11.117000,237,,,
2,,Rufus Shinra,fin,,English,,,2026-02-14 00:06:11.117000,238,,,
1,,Rufus Shinra,fin,,English,foil,,2026-02-14 00:06:11.117000,238,,,
4,,"Rydia, Summoner of Mist",fin,,English,,,2026-02-14 00:06:11.117000,239,,,
2,,Serah Farron // Crystallized Serah,fin,,English,,,2026-02-14 00:06:11.117000,240,,,
4,,"Shantotto, Tactician Magician",fin,,English,,,2026-02-14 00:06:11.117000,241,,,
2,,"Sin, Spira's Punishment",fin,,English,,,2026-02-14 00:06:11.117000,242,,,
2,,"Squall, SeeD Mercenary",fin,,English,,,2026-02-14 00:06:11.117000,243,,,
1,,"Tellah, Great Sage",fin,,English,,,2026-02-14 00:06:11.117000,244,,,
2,,"Tidus, Blitzball Star",fin,,English,,,2026-02-14 00:06:11.117000,246,,,
2,,"Ultimecia, Time Sorceress // Ultimecia, Omnipotent",fin,,English,,,2026-02-14 00:06:11.117000,247,,,
2,,"Ultimecia, Time Sorceress // Ultimecia, Omnipotent",fin,,English,foil,,2026-02-14 00:06:11.117000,247,,,
1,,The Wandering Minstrel,fin,,English,,,2026-02-14 00:06:11.117000,249,,,
1,,The Wandering Minstrel,fin,,English,foil,,2026-02-14 00:06:11.117000,249,,,
4,,"Zidane, Tantalus Thief",fin,,English,,,2026-02-14 00:06:11.117000,251,,,
7,,Adventurer's Airship,fin,,English,,,2026-02-14 00:06:11.117000,252,,,
9,,Blitzball,fin,,English,,,2026-02-14 00:06:11.117000,254,,,
4,,Elixir,fin,,English,,,2026-02-14 00:06:11.117000,256,,,
1,,Excalibur II,fin,,English,,,2026-02-14 00:06:11.117000,257,,,
1,,Genji Glove,fin,,English,,,2026-02-14 00:06:11.117000,258,,,
10,,Instant Ramen,fin,,English,,,2026-02-14 00:06:11.117000,259,,,
4,,Iron Giant,fin,,English,,,2026-02-14 00:06:11.117000,260,,,
2,,Lion Heart,fin,,English,,,2026-02-14 00:06:11.117000,261,,,
6,,Lunatic Pandora,fin,,English,,,2026-02-14 00:06:11.117000,262,,,
8,,Magic Pot,fin,,English,,,2026-02-14 00:06:11.117000,263,,,
2,,The Masamune,fin,,English,,,2026-02-14 00:06:11.117000,264,,,
7,,Monk's Fist,fin,,English,,,2026-02-14 00:06:11.117000,265,,,
1,,Monk's Fist,fin,,English,foil,,2026-02-14 00:06:11.117000,265,,,
2,,PuPu UFO,fin,,English,,,2026-02-14 00:06:11.117000,266,,,
1,,Relentless X-ATM092,fin,,English,,,2026-02-14 00:06:11.117000,268,,,
3,,Ring of the Lucii,fin,,English,,,2026-02-14 00:06:11.117000,269,,,
6,,World Map,fin,,English,,,2026-02-14 00:06:11.117000,270,,,
6,,Adventurer's Inn,fin,,English,,,2026-02-14 00:06:11.117000,271,,,
4,,"Baron, Airship Kingdom",fin,,English,,,2026-02-14 00:06:11.117000,273,,,
3,,Capital City,fin,,English,,,2026-02-14 00:06:11.117000,274,,,
7,,Crossroads Village,fin,,English,,,2026-02-14 00:06:11.117000,276,,,
3,,"Eden, Seat of the Sanctum",fin,,English,,,2026-02-14 00:06:11.117000,277,,,
2,,"Gohn, Town of Ruin",fin,,English,,,2026-02-14 00:06:11.117000,278,,,
4,,The Gold Saucer,fin,,English,,,2026-02-14 00:06:11.117000,279,,,
4,,"Gongaga, Reactor Town",fin,,English,,,2026-02-14 00:06:11.117000,280,,,
1,,"Gongaga, Reactor Town",fin,,English,foil,,2026-02-14 00:06:11.117000,280,,,
5,,"Guadosalam, Farplane Gateway",fin,,English,,,2026-02-14 00:06:11.117000,281,,,
4,,"Insomnia, Crown City",fin,,English,,,2026-02-14 00:06:11.117000,282,,,
2,,"Ishgard, the Holy See // Faith & Grief",fin,,English,,,2026-02-14 00:06:11.117000,283,,,
1,,"Jidoor, Aristocratic Capital // Overture",fin,,English,,,2026-02-14 00:06:11.117000,284,,,
3,,"Lindblum, Industrial Regency // Mage Siege",fin,,English,,,2026-02-14 00:06:11.117000,285,,,
5,,"Rabanastre, Royal City",fin,,English,,,2026-02-14 00:06:11.117000,287,,,
1,,"Rabanastre, Royal City",fin,,English,foil,,2026-02-14 00:06:11.117000,287,,,
3,,"Sharlayan, Nation of Scholars",fin,,English,,,2026-02-14 00:06:11.117000,288,,,
3,,Starting Town,fin,,English,,,2026-02-14 00:06:11.117000,289,,,
1,,Starting Town,fin,,English,foil,,2026-02-14 00:06:11.117000,289,,,
5,,"Treno, Dark City",fin,,English,,,2026-02-14 00:06:11.117000,290,,,
1,,"Treno, Dark City",fin,,English,foil,,2026-02-14 00:06:11.117000,290,,,
5,,"Vector, Imperial Capital",fin,,English,,,2026-02-14 00:06:11.117000,291,,,
1,,"Windurst, Federation Center",fin,,English,,,2026-02-14 00:06:11.117000,292,,,
1,,"Zanarkand, Ancient Metropolis // Lasting Fayth",fin,,English,,,2026-02-14 00:06:11.117000,293,,,
1,,Plains (294),fin,,English,,,2026-02-14 00:06:11.117000,294,,,
2,,Plains (295),fin,,English,,,2026-02-14 00:06:11.117000,295,,,
1,,Plains (296),fin,,English,,,2026-02-14 00:06:11.117000,296,,,
1,,Island (297),fin,,English,,,2026-02-14 00:06:11.117000,297,,,
1,,Island (298),fin,,English,,,2026-02-14 00:06:11.117000,298,,,
1,,Island (299),fin,,English,,,2026-02-14 00:06:11.117000,299,,,
1,,Swamp (300),fin,,English,,,2026-02-14 00:06:11.117000,300,,,
1,,Swamp (301),fin,,English,,,2026-02-14 00:06:11.117000,301,,,
1,,Swamp (302),fin,,English,,,2026-02-14 00:06:11.117000,302,,,
1,,Mountain (303),fin,,English,,,2026-02-14 00:06:11.117000,303,,,
1,,Mountain (304),fin,,English,,,2026-02-14 00:06:11.117000,304,,,
3,,Mountain (305),fin,,English,,,2026-02-14 00:06:11.117000,305,,,
1,,Mountain (305),fin,,English,foil,,2026-02-14 00:06:11.117000,305,,,
1,,Forest (307),fin,,English,,,2026-02-14 00:06:11.117000,307,,,
1,,Forest (308),fin,,English,,,2026-02-14 00:06:11.117000,308,,,
1,,Wastes (309),fin,,English,,,2026-02-14 00:06:11.117000,309,,,
1,,Counterspell,fca,,English,,,2026-02-14 00:06:11.117000,4,,,
1,,Fatal Push,fca,,English,,,2026-02-14 00:06:11.117000,9,,,
2,,"Syr Konrad, the Grim",fca,,English,,,2026-02-14 00:06:11.117000,10,,,
1,,"Traxos, Scourge of Kroog",fca,,English,,,2026-02-14 00:06:11.117000,20,,,
2,,"Danitha Capashen, Paragon",fca,,English,,,2026-02-14 00:06:11.117000,22,,,
1,,"Kenrith, the Returned King",fca,,English,,,2026-02-14 00:06:11.117000,23,,,
1,,Stroke of Midnight,fca,,English,,,2026-02-14 00:06:11.117000,26,,,
1,,Wall of Omens,fca,,English,,,2026-02-14 00:06:11.117000,27,,,
1,,Rhystic Study,fca,,English,,,2026-02-14 00:06:11.117000,31,,,
1,,Deadly Dispute,fca,,English,,,2026-02-14 00:06:11.117000,33,,,
1,,Captain Lannery Storm,fca,,English,,,2026-02-14 00:06:11.117000,38,,,
2,,Lightning Bolt,fca,,English,,,2026-02-14 00:06:11.117000,40,,,
1,,Lightning Bolt,fca,,English,foil,,2026-02-14 00:06:11.117000,40,,,
1,,Mizzix's Mastery,fca,,English,,,2026-02-14 00:06:11.117000,41,,,
2,,Farseek,fca,,English,,,2026-02-14 00:06:11.117000,45,,,
3,,Nature's Claim,fca,,English,,,2026-02-14 00:06:11.117000,47,,,
1,,Primeval Titan,fca,,English,,,2026-02-14 00:06:11.117000,48,,,
1,,"Bruse Tarl, Boorish Herder",fca,,English,,,2026-02-14 00:06:11.117000,50,,,
1,,Dovin's Veto,fca,,English,,,2026-02-14 00:06:11.117000,51,,,
1,,"Inalla, Archmage Ritualist",fca,,English,,,2026-02-14 00:06:11.117000,52,,,
1,,"Ishai, Ojutai Dragonspeaker",fca,,English,,,2026-02-14 00:06:11.117000,53,,,
1,,"Muldrotha, the Gravetide",fca,,English,,,2026-02-14 00:06:11.117000,57,,,
1,,Strixhaven Stadium,fca,,English,,,2026-02-14 00:06:11.117000,63,,,
1,,Copy Token (FIN) (1),tfin,,English,,,2026-02-14 00:06:11.117000,1,,,
1,,Hero Token (FIN) (2),tfin,,English,,,2026-02-14 00:06:11.117000,2,,,
1,,Hero Token (FIN) (3),tfin,,English,,,2026-02-14 00:06:11.117000,3,,,
1,,Hero Token (FIN) (4),tfin,,English,,,2026-02-14 00:06:11.117000,4,,,
1,,Hero Token (FIN) (5),tfin,,English,,,2026-02-14 00:06:11.117000,5,,,
1,,Hero Token (FIN) (6),tfin,,English,,,2026-02-14 00:06:11.117000,6,,,
1,,Hero Token (FIN) (7),tfin,,English,,,2026-02-14 00:06:11.117000,7,,,
1,,Hero Token (FIN) (8),tfin,,English,,,2026-02-14 00:06:11.117000,8,,,
1,,Hero Token (FIN) (9),tfin,,English,,,2026-02-14 00:06:11.117000,9,,,
1,,Knight Token (FIN) (10),tfin,,English,,,2026-02-14 00:06:11.117000,10,,,
1,,Moogle Token (FIN) (11),tfin,,English,,,2026-02-14 00:06:11.117000,11,,,
1,,Robot Warrior Token (FIN) (12),tfin,,English,,,2026-02-14 00:06:11.117000,12,,,
1,,Horror Token (FIN) (13),tfin,,English,,,2026-02-14 00:06:11.117000,13,,,
1,,Wizard Token (FIN) (14),tfin,,English,,,2026-02-14 00:06:11.117000,14,,,
1,,Wizard Token (FIN) (15),tfin,,English,,,2026-02-14 00:06:11.117000,15,,,
1,,Bird Token (FIN) (16),tfin,,English,,,2026-02-14 00:06:11.117000,16,,,
1,,Bird Token (FIN) (17),tfin,,English,,,2026-02-14 00:06:11.117000,17,,,
1,,Frog Token (FIN) (18),tfin,,English,,,2026-02-14 00:06:11.117000,18,,,
1,,Angelo Token (FIN) (19),tfin,,English,,,2026-02-14 00:06:11.117000,19,,,
1,,Darkstar Token (FIN) (20),tfin,,English,,,2026-02-14 00:06:11.117000,20,,,
1,,Elemental Token (FIN) (21),tfin,,English,,,2026-02-14 00:06:11.117000,21,,,
1,,Food Token (FIN) (22),tfin,,English,,,2026-02-14 00:06:11.117000,22,,,
1,,Treasure Token (FIN) (23),tfin,,English,,,2026-02-14 00:06:11.117000,23,,,
1,,"Sephiroth, One-Winged Angel Emblem (FIN) (24)",tfin,,English,,,2026-02-14 00:06:11.117000,24,,,
1,,"Lindblum, Industrial Regency // Mage Siege (Borderless)",fin,,English,,,2026-02-14 00:06:11.117000,312,,,
1,,"Lightning, Army of One (Borderless)",fin,,English,,,2026-02-14 00:06:11.117000,320,,,
1,,"Stiltzkin, Moogle Merchant (Borderless)",fin,,English,foil,,2026-02-14 00:06:11.117000,327,,,
1,,Ultima (Borderless),fin,,English,,,2026-02-14 00:06:11.117000,328,,,
1,,Memories Returning (Borderless),fin,,English,,,2026-02-14 00:06:11.117000,331,,,
1,,Triple Triad (Borderless),fin,,English,foil,,2026-02-14 00:06:11.117000,340,,,
1,,Clash of the Eikons (Borderless),fin,,English,,,2026-02-14 00:06:11.117000,341,,,
1,,Jumbo Cactuar (Borderless),fin,,English,foil,,2026-02-14 00:06:11.117000,343,,,
1,,"Torgal, A Fine Hound (Borderless)",fin,,English,,,2026-02-14 00:06:11.117000,345,,,
1,,"Omega, Heartless Evolution (Borderless)",fin,,English,,,2026-02-14 00:06:11.117000,347,,,
1,,"Tellah, Great Sage (Borderless)",fin,,English,foil,,2026-02-14 00:06:11.117000,349,,,
1,,The Masamune (Borderless),fin,,English,,,2026-02-14 00:06:11.117000,353,,,
1,,Summon: Choco/Mog (Showcase),fin,,English,,,2026-02-14 00:06:11.117000,358,,,
1,,Summon: Leviathan (Showcase),fin,,English,,,2026-02-14 00:06:11.117000,361,,,
1,,Summon: Shiva (Showcase),fin,,English,,,2026-02-14 00:06:11.117000,362,,,
2,,Summon: Anima (Showcase),fin,,English,,,2026-02-14 00:06:11.117000,364,,,
2,,Summon: Esper Ramuh (Showcase),fin,,English,,,2026-02-14 00:06:11.117000,367,,,
1,,Summon: G.F. Ifrit (Showcase),fin,,English,,,2026-02-14 00:06:11.117000,369,,,
3,,Summon: Titan (Showcase),fin,,English,,,2026-02-14 00:06:11.117000,373,,,
1,,"Cloud, Midgar Mercenary (Borderless)",fin,,English,,,2026-02-14 00:06:11.117000,375,,,
1,,"Fang, Fearless l'Cie (Borderless)",fin,,English,foil,,2026-02-14 00:06:11.117000,381,,,
1,,"Firion, Wild Rose Warrior (Borderless)",fin,,English,,,2026-02-14 00:06:11.117000,386,,,
1,,Prompto Argentum (Borderless),fin,,English,,,2026-02-14 00:06:11.117000,387,,,
1,,Seifer Almasy (Borderless),fin,,English,,,2026-02-14 00:06:11.117000,389,,,
1,,"Cid, Timeless Artificer (416)",fin,,English,,,2026-02-14 00:06:11.117000,416,,,
1,,"Sephiroth, Planet's Heir (Extended Art)",fin,,English,,,2026-02-14 00:06:11.117000,505,,,
1,,Plains (572) (Surge Foil),fin,,English,,,2026-02-14 00:06:11.117000,572,,,
3,,Changeling Wayfinder,ecl,,English,,,2026-02-14 00:06:11.117000,1,,,
1,,Changeling Wayfinder,ecl,,English,foil,,2026-02-14 00:06:11.117000,1,,,
2,,Rooftop Percher,ecl,,English,,,2026-02-14 00:06:11.117000,2,,,
1,,Adept Watershaper,ecl,,English,,,2026-02-14 00:06:11.117000,3,,,
4,,Appeal to Eirdu,ecl,,English,,,2026-02-14 00:06:11.117000,5,,,
1,,Bark of Doran,ecl,,English,,,2026-02-14 00:06:11.117000,6,,,
1,,"Brigid, Clachan's Heart",ecl,,English,,,2026-02-14 00:06:11.117000,7,,,
2,,Burdened Stoneback,ecl,,English,,,2026-02-14 00:06:11.118000,8,,,
1,,Clachan Festival,ecl,,English,,,2026-02-14 00:06:11.118000,10,,,
2,,Crib Swap,ecl,,English,,,2026-02-14 00:06:11.118000,11,,,
2,,Gallant Fowlknight,ecl,,English,,,2026-02-14 00:06:11.118000,17,,,
3,,Goldmeadow Nomad,ecl,,English,,,2026-02-14 00:06:11.118000,18,,,
3,,Keep Out,ecl,,English,,,2026-02-14 00:06:11.118000,19,,,
1,,Kinbinding,ecl,,English,,,2026-02-14 00:06:11.118000,20,,,
1,,Kinsbaile Aspirant,ecl,,English,,,2026-02-14 00:06:11.118000,21,,,
1,,Kithkeeper,ecl,,English,,,2026-02-14 00:06:11.118000,23,,,
4,,Liminal Hold,ecl,,English,,,2026-02-14 00:06:11.118000,24,,,
1,,Meanders Guide,ecl,,English,,,2026-02-14 00:06:11.118000,25,,,
2,,Moonlit Lamenter,ecl,,English,,,2026-02-14 00:06:11.118000,26,,,
2,,Personify,ecl,,English,,,2026-02-14 00:06:11.118000,28,,,
1,,Pyrrhic Strike,ecl,,English,,,2026-02-14 00:06:11.118000,30,,,
1,,Reluctant Dounguard,ecl,,English,,,2026-02-14 00:06:11.118000,31,,,
1,,"Rhys, the Evermore",ecl,,English,,,2026-02-14 00:06:11.118000,32,,,
2,,Riverguard's Reflexes,ecl,,English,,,2026-02-14 00:06:11.118000,33,,,
3,,Shore Lurker,ecl,,English,,,2026-02-14 00:06:11.118000,34,,,
2,,Spiral into Solitude,ecl,,English,,,2026-02-14 00:06:11.118000,36,,,
3,,Sun-Dappled Celebrant,ecl,,English,,,2026-02-14 00:06:11.118000,37,,,
1,,Thoughtweft Imbuer,ecl,,English,,,2026-02-14 00:06:11.118000,38,,,
2,,Timid Shieldbearer,ecl,,English,,,2026-02-14 00:06:11.118000,39,,,
1,,Tributary Vaulter,ecl,,English,,,2026-02-14 00:06:11.118000,40,,,
4,,Wanderbrine Preacher,ecl,,English,,,2026-02-14 00:06:11.118000,41,,,
1,,Winnowing,ecl,,English,,,2026-02-14 00:06:11.118000,43,,,
1,,Aquitect's Defenses,ecl,,English,,,2026-02-14 00:06:11.118000,44,,,
1,,Blossombind,ecl,,English,,,2026-02-14 00:06:11.118000,45,,,
1,,Flitterwing Nuisance,ecl,,English,,,2026-02-14 00:06:11.118000,48,,,
3,,Glamermite,ecl,,English,,,2026-02-14 00:06:11.118000,50,,,
1,,Glen Elendra Guardian,ecl,,English,,,2026-02-14 00:06:11.118000,51,,,
4,,Gravelgill Scoundrel,ecl,,English,,,2026-02-14 00:06:11.118000,53,,,
1,,Illusion Spinners,ecl,,English,,,2026-02-14 00:06:11.118000,55,,,
2,,Kulrath Mystic,ecl,,English,,,2026-02-14 00:06:11.118000,56,,,
2,,Lofty Dreams,ecl,,English,,,2026-02-14 00:06:11.118000,58,,,
2,,Noggle the Mind,ecl,,English,,,2026-02-14 00:06:11.118000,60,,,
1,,"Oko, Lorwyn Liege",ecl,,English,,,2026-02-14 00:06:11.118000,61,,,
1,,Omni-Changeling,ecl,,English,,,2026-02-14 00:06:11.118000,62,,,
1,,Pestered Wellguard,ecl,,English,,,2026-02-14 00:06:11.118000,63,,,
1,,Rimefire Torque,ecl,,English,,,2026-02-14 00:06:11.118000,65,,,
2,,Run Away Together,ecl,,English,,,2026-02-14 00:06:11.118000,67,,,
1,,Shinestriker,ecl,,English,,,2026-02-14 00:06:11.118000,68,,,
1,,Silvergill Mentor,ecl,,English,,,2026-02-14 00:06:11.118000,69,,,
2,,Silvergill Peddler,ecl,,English,,,2026-02-14 00:06:11.118000,70,,,
1,,Spell Snare,ecl,,English,,,2026-02-14 00:06:11.118000,71,,,
1,,Stratosoarer,ecl,,English,,,2026-02-14 00:06:11.118000,72,,,
4,,Summit Sentinel,ecl,,English,,,2026-02-14 00:06:11.118000,73,,,
1,,Tanufel Rimespeaker,ecl,,English,,,2026-02-14 00:06:11.118000,77,,,
2,,Temporal Cleansing,ecl,,English,,,2026-02-14 00:06:11.118000,78,,,
1,,Thirst for Identity,ecl,,English,,,2026-02-14 00:06:11.118000,79,,,
3,,Unexpected Assistance,ecl,,English,,,2026-02-14 00:06:11.118000,80,,,
2,,Wanderwine Distracter,ecl,,English,,,2026-02-14 00:06:11.118000,82,,,
1,,Wanderwine Farewell,ecl,,English,,,2026-02-14 00:06:11.118000,83,,,
2,,Wild Unraveling,ecl,,English,,,2026-02-14 00:06:11.118000,84,,,
4,,Auntie's Sentence,ecl,,English,,,2026-02-14 00:06:11.118000,85,,,
2,,Barbed Bloodletter,ecl,,English,,,2026-02-14 00:06:11.118000,86,,,
2,,Bile-Vial Boggart,ecl,,English,,,2026-02-14 00:06:11.118000,87,,,
4,,Blight Rot,ecl,,English,,,2026-02-14 00:06:11.118000,89,,,
2,,Blighted Blackthorn,ecl,,English,,,2026-02-14 00:06:11.118000,90,,,
2,,Boggart Prankster,ecl,,English,,,2026-02-14 00:06:11.118000,93,,,
3,,Bogslither's Embrace,ecl,,English,,,2026-02-14 00:06:11.118000,94,,,
2,,Darkness Descends,ecl,,English,,,2026-02-14 00:06:11.118000,97,,,
3,,Dawnhand Eulogist,ecl,,English,,,2026-02-14 00:06:11.118000,99,,,
1,,Dose of Dawnglow,ecl,,English,,,2026-02-14 00:06:11.118000,100,,,
3,,Dream Seizer,ecl,,English,,,2026-02-14 00:06:11.118000,101,,,
1,,Gloom Ripper,ecl,,English,,,2026-02-14 00:06:11.118000,102,,,
2,,Gnarlbark Elm,ecl,,English,,,2026-02-14 00:06:11.118000,103,,,
1,,"Grub, Storied Matriarch",ecl,,English,,,2026-02-14 00:06:11.118000,105,,,
2,,Gutsplitter Gang,ecl,,English,,,2026-02-14 00:06:11.118000,106,,,
2,,Heirloom Auntie,ecl,,English,,,2026-02-14 00:06:11.118000,107,,,
2,,Iron-Shield Elf,ecl,,English,,,2026-02-14 00:06:11.118000,108,,,
1,,Moonglove Extractor,ecl,,English,,,2026-02-14 00:06:11.118000,109,,,
1,,Mudbutton Cursetosser,ecl,,English,,,2026-02-14 00:06:11.118000,112,,,
1,,Nameless Inversion,ecl,,English,,,2026-02-14 00:06:11.118000,113,,,
2,,Nightmare Sower,ecl,,English,,,2026-02-14 00:06:11.118000,114,,,
1,,Retched Wretch,ecl,,English,,,2026-02-14 00:06:11.118000,117,,,
2,,Scarblade Scout,ecl,,English,,,2026-02-14 00:06:11.118000,118,,,
2,,Scarblade's Malice,ecl,,English,,,2026-02-14 00:06:11.118000,119,,,
1,,Shimmercreep,ecl,,English,,,2026-02-14 00:06:11.118000,120,,,
1,,Taster of Wares,ecl,,English,,,2026-02-14 00:06:11.118000,121,,,
1,,Unbury,ecl,,English,,,2026-02-14 00:06:11.118000,123,,,
2,,Boldwyr Aggressor,ecl,,English,,,2026-02-14 00:06:11.118000,125,,,
1,,Boneclub Berserker,ecl,,English,,,2026-02-14 00:06:11.118000,126,,,
4,,Brambleback Brute,ecl,,English,,,2026-02-14 00:06:11.118000,128,,,
3,,Burning Curiosity,ecl,,English,,,2026-02-14 00:06:11.118000,129,,,
1,,Champion of the Path,ecl,,English,,,2026-02-14 00:06:11.118000,130,,,
2,,Cinder Strike,ecl,,English,,,2026-02-14 00:06:11.118000,131,,,
1,,Collective Inferno,ecl,,English,,,2026-02-14 00:06:11.118000,132,,,
3,,Elder Auntie,ecl,,English,,,2026-02-14 00:06:11.118000,133,,,
3,,Explosive Prodigy,ecl,,English,,,2026-02-14 00:06:11.118000,136,,,
4,,Feed the Flames,ecl,,English,,,2026-02-14 00:06:11.118000,137,,,
1,,Feed the Flames,ecl,,English,foil,,2026-02-14 00:06:11.118000,137,,,
3,,Flame-Chain Mauler,ecl,,English,,,2026-02-14 00:06:11.118000,138,,,
1,,Flamebraider,ecl,,English,,,2026-02-14 00:06:11.118000,139,,,
2,,Flamekin Gildweaver,ecl,,English,,,2026-02-14 00:06:11.118000,140,,,
1,,Giantfall,ecl,,English,,,2026-02-14 00:06:11.118000,141,,,
1,,Goatnap,ecl,,English,,,2026-02-14 00:06:11.118000,142,,,
1,,Gristle Glutton,ecl,,English,,,2026-02-14 00:06:11.118000,144,,,
1,,Impolite Entrance,ecl,,English,,,2026-02-14 00:06:11.118000,146,,,
1,,Kindle the Inner Flame,ecl,,English,,,2026-02-14 00:06:11.118000,147,,,
2,,Kulrath Zealot,ecl,,English,,,2026-02-14 00:06:11.118000,148,,,
1,,Lasting Tarfire,ecl,,English,,,2026-02-14 00:06:11.118000,149,,,
1,,Lavaleaper,ecl,,English,,,2026-02-14 00:06:11.118000,150,,,
2,,Reckless Ransacking,ecl,,English,,,2026-02-14 00:06:11.118000,152,,,
2,,Sizzling Changeling,ecl,,English,,,2026-02-14 00:06:11.118000,155,,,
1,,Soulbright Seeker,ecl,,English,,,2026-02-14 00:06:11.118000,157,,,
4,,Sourbread Auntie,ecl,,English,,,2026-02-14 00:06:11.118000,158,,,
1,,Spinerock Tyrant,ecl,,English,,,2026-02-14 00:06:11.118000,159,,,
1,,Squawkroaster,ecl,,English,,,2026-02-14 00:06:11.118000,160,,,
2,,Tweeze,ecl,,English,,,2026-02-14 00:06:11.118000,162,,,
1,,Assert Perfection,ecl,,English,,,2026-02-14 00:06:11.118000,164,,,
1,,Blossoming Defense,ecl,,English,,,2026-02-14 00:06:11.122000,167,,,
1,,Bristlebane Battler,ecl,,English,,,2026-02-14 00:06:11.122000,168,,,
1,,Chomping Changeling,ecl,,English,,,2026-02-14 00:06:11.122000,172,,,
3,,Crossroads Watcher,ecl,,English,,,2026-02-14 00:06:11.122000,173,,,
4,,Dawn's Light Archer,ecl,,English,,,2026-02-14 00:06:11.122000,174,,,
1,,Gilt-Leaf's Embrace,ecl,,English,,,2026-02-14 00:06:11.122000,177,,,
1,,Great Forest Druid,ecl,,English,,,2026-02-14 00:06:11.122000,178,,,
2,,Luminollusk,ecl,,English,,,2026-02-14 00:06:11.122000,179,,,
1,,Lys Alana Dignitary,ecl,,English,,,2026-02-14 00:06:11.122000,180,,,
3,,Lys Alana Informant,ecl,,English,,,2026-02-14 00:06:11.123000,181,,,
2,,Midnight Tilling,ecl,,English,,,2026-02-14 00:06:11.123000,182,,,
2,,Mistmeadow Council,ecl,,English,,,2026-02-14 00:06:11.123000,183,,,
1,,Mutable Explorer,ecl,,English,,,2026-02-14 00:06:11.123000,186,,,
1,,Pitiless Fists,ecl,,English,,,2026-02-14 00:06:11.123000,187,,,
2,,Prismabasher,ecl,,English,,,2026-02-14 00:06:11.123000,188,,,
1,,Prismatic Undercurrents,ecl,,English,,,2026-02-14 00:06:11.123000,189,,,
4,,Safewright Cavalry,ecl,,English,,,2026-02-14 00:06:11.123000,191,,,
1,,Sapling Nursery,ecl,,English,,,2026-02-14 00:06:11.123000,192,,,
1,,Selfless Safewright,ecl,,English,,,2026-02-14 00:06:11.123000,193,,,
2,,Shimmerwilds Growth,ecl,,English,,,2026-02-14 00:06:11.123000,194,,,
1,,Surly Farrier,ecl,,English,,,2026-02-14 00:06:11.123000,196,,,
1,,Tend the Sprigs,ecl,,English,,,2026-02-14 00:06:11.123000,197,,,
1,,Tend the Sprigs,ecl,,English,foil,,2026-02-14 00:06:11.123000,197,,,
3,,Unforgiving Aim,ecl,,English,,,2026-02-14 00:06:11.123000,200,,,
2,,Vinebred Brawler,ecl,,English,foil,,2026-02-14 00:06:11.123000,201,,,
1,,Virulent Emissary,ecl,,English,,,2026-02-14 00:06:11.123000,202,,,
2,,Wildvine Pummeler,ecl,,English,,,2026-02-14 00:06:11.123000,203,,,
1,,"Abigale, Eloquent First-Year",ecl,,English,,,2026-02-14 00:06:11.123000,204,,,
1,,Boggart Cursecrafter,ecl,,English,,,2026-02-14 00:06:11.123000,206,,,
4,,Chaos Spewer,ecl,,English,,,2026-02-14 00:06:11.123000,210,,,
2,,Chitinous Graspling,ecl,,English,,,2026-02-14 00:06:11.123000,211,,,
1,,Deepchannel Duelist,ecl,,English,,,2026-02-14 00:06:11.123000,213,,,
1,,Deepway Navigator,ecl,,English,,,2026-02-14 00:06:11.123000,214,,,
1,,Dream Harvest,ecl,,English,,,2026-02-14 00:06:11.123000,216,,,
2,,Eclipsed Elf,ecl,,English,,,2026-02-14 00:06:11.123000,218,,,
3,,Eclipsed Flamekin,ecl,,English,,,2026-02-14 00:06:11.123000,219,,,
2,,Eclipsed Kithkin,ecl,,English,,,2026-02-14 00:06:11.123000,220,,,
1,,Eclipsed Merrow,ecl,,English,,,2026-02-14 00:06:11.123000,221,,,
1,,Feisty Spikeling,ecl,,English,,,2026-02-14 00:06:11.123000,223,,,
3,,Flaring Cinder,ecl,,English,,,2026-02-14 00:06:11.123000,225,,,
3,,Gangly Stompling,ecl,,English,,,2026-02-14 00:06:11.123000,226,,,
1,,Glister Bairn,ecl,,English,,,2026-02-14 00:06:11.123000,227,,,
1,,High Perfect Morcant,ecl,,English,,,2026-02-14 00:06:11.123000,229,,,
1,,"Lluwen, Imperfect Naturalist",ecl,,English,,,2026-02-14 00:06:11.123000,232,,,
2,,"Maralen, Fae Ascendant",ecl,,English,,,2026-02-14 00:06:11.123000,233,,,
1,,Merrow Skyswimmer,ecl,,English,,,2026-02-14 00:06:11.123000,234,,,
2,,Mischievous Sneakling,ecl,,English,,,2026-02-14 00:06:11.123000,235,,,
1,,Morcant's Loyalist,ecl,,English,,,2026-02-14 00:06:11.123000,236,,,
1,,Noggle Robber,ecl,,English,,,2026-02-14 00:06:11.123000,237,,,
1,,Prideful Feastling,ecl,,English,,,2026-02-14 00:06:11.123000,238,,,
2,,Raiding Schemes,ecl,,English,,,2026-02-14 00:06:11.123000,239,,,
1,,"Sanar, Innovative First-Year",ecl,,English,,,2026-02-14 00:06:11.123000,241,,,
2,,Shadow Urchin,ecl,,English,,,2026-02-14 00:06:11.123000,242,,,
1,,Stoic Grove-Guide,ecl,,English,,,2026-02-14 00:06:11.123000,243,,,
1,,Twinflame Travelers,ecl,,English,,,2026-02-14 00:06:11.123000,248,,,
1,,Vibrance,ecl,,English,,,2026-02-14 00:06:11.123000,249,,,
1,,Voracious Tome-Skimmer,ecl,,English,,,2026-02-14 00:06:11.123000,250,,,
2,,Wary Farmer,ecl,,English,,,2026-02-14 00:06:11.123000,251,,,
1,,Wistfulness,ecl,,English,,,2026-02-14 00:06:11.123000,252,,,
2,,Dawn-Blessed Pennant,ecl,,English,,,2026-02-14 00:06:11.123000,254,,,
2,,Firdoch Core,ecl,,English,,,2026-02-14 00:06:11.123000,255,,,
1,,Foraging Wickermaw,ecl,,English,,,2026-02-14 00:06:11.123000,256,,,
1,,Gathering Stone,ecl,,English,,,2026-02-14 00:06:11.123000,257,,,
1,,Mirrormind Crown,ecl,,English,,,2026-02-14 00:06:11.123000,258,,,
4,,Stalactite Dagger,ecl,,English,,,2026-02-14 00:06:11.123000,261,,,
1,,Evolving Wilds,ecl,,English,,,2026-02-14 00:06:11.123000,264,,,
1,,Overgrown Tomb,ecl,,English,,,2026-02-14 00:06:11.123000,266,,,
1,,Temple Garden,ecl,,English,,,2026-02-14 00:06:11.123000,268,,,
1,,Plains (269),ecl,,English,,,2026-02-14 00:06:11.123000,269,,,
1,,Island (270),ecl,,English,,,2026-02-14 00:06:11.123000,270,,,
1,,Swamp (271),ecl,,English,,,2026-02-14 00:06:11.123000,271,,,
1,,Mountain (272),ecl,,English,,,2026-02-14 00:06:11.123000,272,,,
1,,Forest (273),ecl,,English,,,2026-02-14 00:06:11.123000,273,,,
1,,Island (275),ecl,,English,,,2026-02-14 00:06:11.123000,275,,,
2,,Mountain (277),ecl,,English,,,2026-02-14 00:06:11.123000,277,,,
1,,Forest (278),ecl,,English,,,2026-02-14 00:06:11.123000,278,,,
2,,Plains (279),ecl,,English,,,2026-02-14 00:06:11.123000,279,,,
1,,Island (280),ecl,,English,,,2026-02-14 00:06:11.123000,280,,,
2,,Swamp (281),ecl,,English,,,2026-02-14 00:06:11.123000,281,,,
2,,Mountain (282),ecl,,English,,,2026-02-14 00:06:11.123000,282,,,
1,,"Ashling, the Limitless (Borderless)",ecc,,English,,,2026-02-14 00:06:11.123000,1,,,
1,,Mass of Mysteries (Borderless),ecc,,English,,,2026-02-14 00:06:11.123000,3,,,
1,,Belonging,ecc,,English,,,2026-02-14 00:06:11.123000,5,,,
1,,Subterfuge,ecc,,English,,,2026-02-14 00:06:11.123000,6,,,
1,,Lamentation,ecc,,English,,,2026-02-14 00:06:11.123000,10,,,
1,,Impulsivity,ecc,,English,,,2026-02-14 00:06:11.123000,13,,,
1,,Elemental Spectacle,ecc,,English,,,2026-02-14 00:06:11.123000,15,,,
1,,Jubilation,ecc,,English,,,2026-02-14 00:06:11.123000,17,,,
1,,Springleaf Parade,ecc,,English,,,2026-02-14 00:06:11.123000,19,,,
1,,Abundant Countryside,ecc,,English,,,2026-02-14 00:06:11.123000,22,,,
1,,Rain-Slicked Copse,ecc,,English,,,2026-02-14 00:06:11.123000,23,,,
1,,Sodden Verdure,ecc,,English,,,2026-02-14 00:06:11.123000,24,,,
1,,Distant Melody,ecc,,English,,,2026-02-14 00:06:11.123000,45,,,
1,,Fury,ecc,,English,,,2026-02-14 00:06:11.123000,50,,,
1,,Endurance,ecc,,English,,,2026-02-14 00:06:11.123000,51,,,
1,,Faeburrow Elder,ecc,,English,,,2026-02-14 00:06:11.123000,53,,,
1,,Arcane Signet,ecc,,English,,,2026-02-14 00:06:11.123000,56,,,
1,,Sol Ring,ecc,,English,,,2026-02-14 00:06:11.123000,57,,,
1,,Command Tower,ecc,,English,,,2026-02-14 00:06:11.123000,59,,,
1,,Secluded Courtyard,ecc,,English,,,2026-02-14 00:06:11.123000,62,,,
1,,Hoofprints of the Stag,ecc,,English,,,2026-02-14 00:06:11.123000,64,,,
1,,Path to Exile,ecc,,English,,,2026-02-14 00:06:11.123000,65,,,
1,,Shatter the Sky,ecc,,English,,,2026-02-14 00:06:11.123000,66,,,
1,,Mulldrifter,ecc,,English,,,2026-02-14 00:06:11.123000,67,,,
1,,Reality Shift,ecc,,English,,,2026-02-14 00:06:11.123000,68,,,
1,,Slithermuse,ecc,,English,,,2026-02-14 00:06:11.123000,69,,,
1,,Haunting Voyage,ecc,,English,,,2026-02-14 00:06:11.123000,75,,,
1,,Shriekmaw,ecc,,English,,,2026-02-14 00:06:11.123000,85,,,
1,,Blasphemous Act,ecc,,English,,,2026-02-14 00:06:11.123000,89,,,
1,,Descendants' Fury,ecc,,English,,,2026-02-14 00:06:11.123000,93,,,
1,,Incandescent Soulstoke,ecc,,English,,,2026-02-14 00:06:11.123000,94,,,
1,,Ingot Chewer,ecc,,English,,,2026-02-14 00:06:11.123000,95,,,
1,,Smokebraider,ecc,,English,,,2026-02-14 00:06:11.123000,96,,,
1,,Abundant Growth,ecc,,English,,,2026-02-14 00:06:11.123000,97,,,
1,,Avenger of Zendikar,ecc,,English,,,2026-02-14 00:06:11.123000,98,,,
1,,Bane of Progress,ecc,,English,,,2026-02-14 00:06:11.123000,99,,,
1,,Cavalier of Thorns,ecc,,English,,,2026-02-14 00:06:11.123000,100,,,
1,,Cultivate,ecc,,English,,,2026-02-14 00:06:11.123000,103,,,
1,,Fertile Ground,ecc,,English,,,2026-02-14 00:06:11.123000,106,,,
1,,Foundation Breaker,ecc,,English,,,2026-02-14 00:06:11.123000,108,,,
1,,Garruk's Uprising,ecc,,English,,,2026-02-14 00:06:11.123000,109,,,
1,,Greenwarden of Murasa,ecc,,English,,,2026-02-14 00:06:11.123000,110,,,
1,,Kindred Summons,ecc,,English,,,2026-02-14 00:06:11.123000,112,,,
1,,Kodama's Reach,ecc,,English,,,2026-02-14 00:06:11.123000,113,,,
1,,Realmwalker,ecc,,English,,,2026-02-14 00:06:11.123000,114,,,
1,,Return of the Wildspeaker,ecc,,English,,,2026-02-14 00:06:11.123000,115,,,
1,,"Selvala, Heart of the Wilds",ecc,,English,,,2026-02-14 00:06:11.124000,116,,,
1,,Titan of Industry,ecc,,English,,,2026-02-14 00:06:11.124000,117,,,
1,,Wickerbough Elder,ecc,,English,,,2026-02-14 00:06:11.124000,118,,,
1,,Horde of Notions,ecc,,English,,,2026-02-14 00:06:11.124000,124,,,
1,,"Jegantha, the Wellspring",ecc,,English,,,2026-02-14 00:06:11.124000,125,,,
1,,Maelstrom Wanderer,ecc,,English,,,2026-02-14 00:06:11.124000,127,,,
1,,"Muldrotha, the Gravetide",ecc,,English,,,2026-02-14 00:06:11.124000,128,,,
1,,"Omnath, Locus of Rage",ecc,,English,,,2026-02-14 00:06:11.124000,129,,,
1,,"Omnath, Locus of the Roil",ecc,,English,,,2026-02-14 00:06:11.124000,130,,,
1,,Risen Reef,ecc,,English,,,2026-02-14 00:06:11.124000,132,,,
1,,Vernal Sovereign,ecc,,English,,,2026-02-14 00:06:11.124000,135,,,
1,,"Yarok, the Desecrated",ecc,,English,,,2026-02-14 00:06:11.124000,136,,,
1,,Chromatic Lantern,ecc,,English,,,2026-02-14 00:06:11.124000,138,,,
1,,Commander's Sphere,ecc,,English,,,2026-02-14 00:06:11.124000,139,,,
1,,Fellwar Stone,ecc,,English,,,2026-02-14 00:06:11.124000,141,,,
1,,Timeless Lotus,ecc,,English,,,2026-02-14 00:06:11.124000,143,,,
1,,Ancient Ziggurat,ecc,,English,,,2026-02-14 00:06:11.124000,144,,,
1,,Cinder Glade,ecc,,English,,,2026-02-14 00:06:11.124000,146,,,
1,,Exotic Orchard,ecc,,English,,,2026-02-14 00:06:11.124000,148,,,
1,,Flamekin Village,ecc,,English,,,2026-02-14 00:06:11.124000,149,,,
1,,Frontier Bivouac,ecc,,English,,,2026-02-14 00:06:11.124000,150,,,
1,,Jungle Shrine,ecc,,English,,,2026-02-14 00:06:11.124000,154,,,
1,,Opal Palace,ecc,,English,,,2026-02-14 00:06:11.124000,156,,,
1,,Opulent Palace,ecc,,English,,,2026-02-14 00:06:11.124000,157,,,
1,,Path of Ancestry,ecc,,English,,,2026-02-14 00:06:11.124000,158,,,
1,,Primal Beyond,ecc,,English,,,2026-02-14 00:06:11.124000,159,,,
1,,Raging Ravine,ecc,,English,,,2026-02-14 00:06:11.124000,160,,,
1,,Rootbound Crag,ecc,,English,,,2026-02-14 00:06:11.124000,163,,,
1,,Sandsteppe Citadel,ecc,,English,,,2026-02-14 00:06:11.124000,164,,,
1,,Seaside Citadel,ecc,,English,,,2026-02-14 00:06:11.124000,166,,,
1,,Thriving Bluff,ecc,,English,,,2026-02-14 00:06:11.124000,170,,,
1,,Thriving Grove,ecc,,English,,,2026-02-14 00:06:11.124000,171,,,
1,,Thriving Heath,ecc,,English,,,2026-02-14 00:06:11.124000,172,,,
1,,Thriving Isle,ecc,,English,,,2026-02-14 00:06:11.124000,173,,,
1,,Thriving Moor,ecc,,English,,,2026-02-14 00:06:11.124000,174,,,
1,,Unclaimed Territory,ecc,,English,,,2026-02-14 00:06:11.124000,175,,,
1,,Adept Watershaper (Showcase),ecl,,English,,,2026-02-14 00:06:11.124000,297,,,
1,,Twinflame Travelers (Showcase),ecl,,English,,,2026-02-14 00:06:11.124000,345,,,
1,,Aunt May,spm,,English,,,2026-02-14 00:06:11.124000,3,,,
4,,City Pigeon,spm,,English,,,2026-02-14 00:06:11.124000,4,,,
2,,Costume Closet,spm,,English,,,2026-02-14 00:06:11.124000,5,,,
3,,Daily Bugle Reporters,spm,,English,,,2026-02-14 00:06:11.124000,6,,,
1,,"Flash Thompson, Spider-Fan",spm,,English,,,2026-02-14 00:06:11.124000,7,,,
1,,Origin of Spider-Man,spm,,English,,,2026-02-14 00:06:11.124000,9,,,
1,,Rent Is Due,spm,,English,,,2026-02-14 00:06:11.124000,11,,,
1,,Selfless Police Captain,spm,,English,,,2026-02-14 00:06:11.124000,12,,,
1,,Spectacular Spider-Man (Borderless),spm,,English,,,2026-02-14 00:06:11.124000,14,,,
1,,Spectacular Tactics,spm,,English,,,2026-02-14 00:06:11.124000,15,,,
3,,"Spider-Man, Web-Slinger",spm,,English,,,2026-02-14 00:06:11.124000,16,,,
3,,Spider-UK,spm,,English,,,2026-02-14 00:06:11.124000,17,,,
3,,"Starling, Aerial Ally",spm,,English,,,2026-02-14 00:06:11.124000,18,,,
2,,Sudden Strike,spm,,English,,,2026-02-14 00:06:11.124000,19,,,
2,,Thwip!,spm,,English,,,2026-02-14 00:06:11.124000,20,,,
3,,Web Up,spm,,English,,,2026-02-14 00:06:11.124000,21,,,
1,,Web-Shooters,spm,,English,,,2026-02-14 00:06:11.124000,22,,,
4,,Wild Pack Squad,spm,,English,,,2026-02-14 00:06:11.124000,23,,,
4,,Amazing Acrobatics,spm,,English,,,2026-02-14 00:06:11.124000,25,,,
3,,"Beetle, Legacy Criminal",spm,,English,,,2026-02-14 00:06:11.124000,26,,,
2,,The Clone Saga,spm,,English,,,2026-02-14 00:06:11.124000,28,,,
4,,"Doc Ock, Sinister Scientist",spm,,English,,,2026-02-14 00:06:11.124000,29,,,
3,,Doc Ock's Henchmen,spm,,English,,,2026-02-14 00:06:11.124000,30,,,
2,,Flying Octobot,spm,,English,,,2026-02-14 00:06:11.124000,31,,,
1,,"Lady Octopus, Inspired Inventor",spm,,English,,,2026-02-14 00:06:11.124000,35,,,
3,,"Madame Web, Clairvoyant",spm,,English,,,2026-02-14 00:06:11.124000,36,,,
1,,"Mysterio, Master of Illusion",spm,,English,,,2026-02-14 00:06:11.124000,37,,,
2,,Mysterio's Phantasm,spm,,English,,,2026-02-14 00:06:11.124000,38,,,
2,,Oscorp Research Team,spm,,English,,,2026-02-14 00:06:11.124000,40,,,
1,,School Daze,spm,,English,,,2026-02-14 00:06:11.124000,42,,,
2,,Secret Identity,spm,,English,,,2026-02-14 00:06:11.124000,43,,,
1,,"Spider-Byte, Web Warden",spm,,English,,,2026-02-14 00:06:11.124000,44,,,
3,,Spider-Man No More,spm,,English,,,2026-02-14 00:06:11.124000,45,,,
1,,Spider-Sense,spm,,English,,,2026-02-14 00:06:11.124000,46,,,
1,,Unstable Experiment,spm,,English,,,2026-02-14 00:06:11.124000,47,,,
3,,Whoosh!,spm,,English,,,2026-02-14 00:06:11.124000,48,,,
1,,Agent Venom,spm,,English,,,2026-02-14 00:06:11.124000,49,,,
1,,Alien Symbiosis,spm,,English,,,2026-02-14 00:06:11.124000,50,,,
1,,Common Crook,spm,,English,,,2026-02-14 00:06:11.124000,53,,,
1,,The Death of Gwen Stacy,spm,,English,,,2026-02-14 00:06:11.124000,54,,,
2,,Inner Demons Gangsters,spm,,English,,,2026-02-14 00:06:11.124000,57,,,
2,,Merciless Enforcers,spm,,English,,,2026-02-14 00:06:11.124000,58,,,
1,,"Morlun, Devourer of Spiders",spm,,English,,,2026-02-14 00:06:11.124000,59,,,
1,,Prison Break,spm,,English,,,2026-02-14 00:06:11.124000,61,,,
4,,Risky Research,spm,,English,,,2026-02-14 00:06:11.124000,62,,,
1,,Sandman's Quicksand,spm,,English,,,2026-02-14 00:06:11.124000,63,,,
1,,Scorpion's Sting,spm,,English,,,2026-02-14 00:06:11.124000,65,,,
3,,Spider-Man Noir,spm,,English,,,2026-02-14 00:06:11.124000,67,,,
2,,The Spot's Portal,spm,,English,,,2026-02-14 00:06:11.124000,68,,,
3,,"Swarm, Being of Bees",spm,,English,,,2026-02-14 00:06:11.124000,69,,,
4,,"Venom, Evil Unleashed",spm,,English,,,2026-02-14 00:06:11.124000,71,,,
3,,Venomized Cat,spm,,English,,,2026-02-14 00:06:11.124000,72,,,
3,,Venom's Hunger,spm,,English,,,2026-02-14 00:06:11.124000,73,,,
2,,Angry Rabble,spm,,English,,,2026-02-14 00:06:11.124000,75,,,
4,,Electro's Bolt,spm,,English,,,2026-02-14 00:06:11.124000,77,,,
2,,Heroes' Hangout,spm,,English,,,2026-02-14 00:06:11.124000,79,,,
1,,"Hobgoblin, Mantled Marauder",spm,,English,,,2026-02-14 00:06:11.124000,80,,,
2,,J. Jonah Jameson,spm,,English,,,2026-02-14 00:06:11.124000,81,,,
3,,Masked Meower,spm,,English,,,2026-02-14 00:06:11.124000,82,,,
3,,"Molten Man, Inferno Incarnate",spm,,English,,,2026-02-14 00:06:11.124000,84,,,
1,,Raging Goblinoids,spm,,English,,,2026-02-14 00:06:11.124000,85,,,
3,,Romantic Rendezvous,spm,,English,,,2026-02-14 00:06:11.124000,86,,,
1,,Shadow of the Goblin,spm,,English,,,2026-02-14 00:06:11.124000,87,,,
2,,Shock,spm,,English,,,2026-02-14 00:06:11.124000,88,,,
1,,"Shocker, Unshakable",spm,,English,,,2026-02-14 00:06:11.124000,89,,,
2,,"Spider-Gwen, Free Spirit",spm,,English,,,2026-02-14 00:06:11.124000,90,,,
3,,Spider-Islanders,spm,,English,,,2026-02-14 00:06:11.124000,91,,,
2,,Stegron the Dinosaur Man,spm,,English,,,2026-02-14 00:06:11.124000,95,,,
2,,Taxi Driver,spm,,English,,,2026-02-14 00:06:11.124000,97,,,
1,,Wisecrack,spm,,English,,,2026-02-14 00:06:11.124000,98,,,
1,,"Ezekiel Sims, Spider-Totem",spm,,English,,,2026-02-14 00:06:11.124000,100,,,
4,,Grow Extra Arms,spm,,English,,,2026-02-14 00:06:11.124000,101,,,
2,,Guy in the Chair,spm,,English,,,2026-02-14 00:06:11.124000,102,,,
2,,Kapow!,spm,,English,,,2026-02-14 00:06:11.124000,103,,,
3,,Kraven's Cats,spm,,English,,,2026-02-14 00:06:11.124000,104,,,
2,,"Lizard, Connors's Curse",spm,,English,,,2026-02-14 00:06:11.124000,106,,,
4,,Lurking Lizards,spm,,English,,,2026-02-14 00:06:11.124000,107,,,
1,,Miles Morales,spm,,English,,,2026-02-14 00:06:11.124000,108,,,
1,,Pictures of Spider-Man,spm,,English,,,2026-02-14 00:06:11.125000,109,,,
4,,Professional Wrestler,spm,,English,,,2026-02-14 00:06:11.125000,110,,,
3,,Scout the City,spm,,English,,,2026-02-14 00:06:11.125000,113,,,
1,,"Spider-Ham, Peter Porker",spm,,English,,,2026-02-14 00:06:11.125000,114,,,
4,,"Spider-Man, Brooklyn Visionary",spm,,English,,,2026-02-14 00:06:11.125000,115,,,
1,,"Spider-Rex, Daring Dino",spm,,English,,,2026-02-14 00:06:11.125000,116,,,
1,,"Spiders-Man, Heroic Horde",spm,,English,,,2026-02-14 00:06:11.125000,117,,,
2,,Terrific Team-Up,spm,,English,,,2026-02-14 00:06:11.125000,120,,,
1,,Wall Crawl,spm,,English,,,2026-02-14 00:06:11.125000,121,,,
1,,"Carnage, Crimson Chaos",spm,,English,,,2026-02-14 00:06:11.125000,125,,,
1,,Gallant Citizen,spm,,English,,,2026-02-14 00:06:11.125000,129,,,
1,,"Jackal, Genius Geneticist",spm,,English,,,2026-02-14 00:06:11.125000,131,,,
2,,Mob Lookout,spm,,English,,,2026-02-14 00:06:11.125000,136,,,
2,,Morbius the Living Vampire,spm,,English,,,2026-02-14 00:06:11.125000,137,,,
1,,"Prowler, Clawed Thief",spm,,English,,,2026-02-14 00:06:11.125000,138,,,
2,,Pumpkin Bombardment,spm,,English,,,2026-02-14 00:06:11.125000,139,,,
1,,"Rhino, Barreling Brute",spm,,English,,,2026-02-14 00:06:11.125000,140,,,
1,,Rhino's Rampage,spm,,English,,,2026-02-14 00:06:11.125000,141,,,
1,,"Scarlet Spider, Kaine",spm,,English,,,2026-02-14 00:06:11.125000,143,,,
2,,"Shriek, Treblemaker",spm,,English,,,2026-02-14 00:06:11.125000,144,,,
1,,"Silk, Web Weaver",spm,,English,,,2026-02-14 00:06:11.125000,145,,,
4,,Skyward Spider,spm,,English,,,2026-02-14 00:06:11.125000,146,,,
1,,Spider Manifestation,spm,,English,,,2026-02-14 00:06:11.125000,148,,,
3,,"Spider-Girl, Legacy Hero",spm,,English,,,2026-02-14 00:06:11.125000,149,,,
3,,Spider-Man India,spm,,English,,,2026-02-14 00:06:11.125000,151,,,
1,,"Sun-Spider, Nimble Webber",spm,,English,,,2026-02-14 00:06:11.125000,154,,,
1,,Ultimate Green Goblin,spm,,English,,,2026-02-14 00:06:11.125000,157,,,
2,,"Vulture, Scheming Scavenger",spm,,English,,,2026-02-14 00:06:11.125000,158,,,
1,,Web-Warriors,spm,,English,,,2026-02-14 00:06:11.125000,159,,,
1,,"Wraith, Vicious Vigilante",spm,,English,,,2026-02-14 00:06:11.125000,160,,,
4,,Bagel and Schmear,spm,,English,,,2026-02-14 00:06:11.125000,161,,,
1,,Doc Ock's Tentacles,spm,,English,,,2026-02-14 00:06:11.125000,162,,,
3,,Eerie Gravestone,spm,,English,,,2026-02-14 00:06:11.125000,163,,,
4,,Hot Dog Cart,spm,,English,,,2026-02-14 00:06:11.125000,164,,,
1,,Interdimensional Web Watch,spm,,English,,,2026-02-14 00:06:11.125000,165,,,
1,,"Living Brain, Mechanical Marvel",spm,,English,,,2026-02-14 00:06:11.125000,167,,,
4,,Mechanical Mobster,spm,,English,,,2026-02-14 00:06:11.125000,168,,,
3,,News Helicopter,spm,,English,,,2026-02-14 00:06:11.125000,169,,,
3,,Passenger Ferry,spm,,English,,,2026-02-14 00:06:11.125000,170,,,
1,,Peter Parker's Camera,spm,,English,,,2026-02-14 00:06:11.125000,171,,,
3,,Spider-Bot,spm,,English,,,2026-02-14 00:06:11.125000,173,,,
1,,Spider-Mobile,spm,,English,,,2026-02-14 00:06:11.125000,174,,,
1,,"Spider-Slayer, Hatred Honed",spm,,English,,,2026-02-14 00:06:11.125000,175,,,
1,,Spider-Suit,spm,,English,,,2026-02-14 00:06:11.125000,176,,,
2,,Steel Wrecking Ball,spm,,English,,,2026-02-14 00:06:11.125000,177,,,
4,,Subway Train,spm,,English,,,2026-02-14 00:06:11.125000,178,,,
1,,Daily Bugle Building,spm,,English,,,2026-02-14 00:06:11.125000,179,,,
1,,Multiversal Passage,spm,,English,,,2026-02-14 00:06:11.125000,180,,,
1,,Ominous Asylum,spm,,English,,,2026-02-14 00:06:11.125000,181,,,
1,,Oscorp Industries,spm,,English,,,2026-02-14 00:06:11.125000,182,,,
4,,Savage Mansion,spm,,English,,,2026-02-14 00:06:11.125000,183,,,
2,,Sinister Hideout,spm,,English,,,2026-02-14 00:06:11.125000,184,,,
2,,Suburban Sanctuary,spm,,English,,,2026-02-14 00:06:11.125000,185,,,
1,,University Campus,spm,,English,,,2026-02-14 00:06:11.125000,186,,,
1,,Urban Retreat,spm,,English,,,2026-02-14 00:06:11.125000,187,,,
2,,Vibrant Cityscape,spm,,English,,,2026-02-14 00:06:11.125000,188,,,
1,,Kinsbaile Cavalier (Borderless),spg,,English,,,2026-02-14 00:06:11.125000,130,,,
3,,Arashin Sunshield,tdm,,English,,,2026-02-14 00:06:11.125000,3,,,
6,,Bearer of Glory,tdm,,English,,,2026-02-14 00:06:11.125000,4,,,
1,,Clarion Conqueror,tdm,,English,,,2026-02-14 00:06:11.125000,5,,,
2,,Coordinated Maneuver,tdm,,English,,,2026-02-14 00:06:11.125000,6,,,
1,,Descendant of Storms,tdm,,English,,,2026-02-14 00:06:11.125000,8,,,
4,,Dragonback Lancer,tdm,,English,,,2026-02-14 00:06:11.125000,9,,,
2,,Fortress Kin-Guard,tdm,,English,,,2026-02-14 00:06:11.125000,12,,,
1,,Furious Forebear,tdm,,English,,,2026-02-14 00:06:11.125000,13,,,
3,,Lightfoot Technique,tdm,,English,,,2026-02-14 00:06:11.125000,14,,,
3,,Loxodon Battle Priest,tdm,,English,,,2026-02-14 00:06:11.125000,15,,,
1,,Loxodon Battle Priest,tdm,,English,foil,,2026-02-14 00:06:11.125000,15,,,
6,,Mardu Devotee,tdm,,English,,,2026-02-14 00:06:11.125000,16,,,
3,,Osseous Exhale,tdm,,English,,,2026-02-14 00:06:11.125000,17,,,
1,,Poised Practitioner,tdm,,English,,,2026-02-14 00:06:11.125000,18,,,
3,,Rally the Monastery,tdm,,English,,,2026-02-14 00:06:11.125000,19,,,
1,,Rally the Monastery,tdm,,English,foil,,2026-02-14 00:06:11.125000,19,,,
3,,Rebellious Strike,tdm,,English,,,2026-02-14 00:06:11.125000,20,,,
1,,Rebellious Strike,tdm,,English,foil,,2026-02-14 00:06:11.125000,20,,,
5,,Riling Dawnbreaker // Signaling Roar,tdm,,English,,,2026-02-14 00:06:11.125000,21,,,
3,,Salt Road Packbeast,tdm,,English,,,2026-02-14 00:06:11.125000,23,,,
1,,Smile at Death,tdm,,English,,,2026-02-14 00:06:11.125000,24,,,
1,,Starry-Eyed Skyrider,tdm,,English,,,2026-02-14 00:06:11.125000,25,,,
1,,Starry-Eyed Skyrider,tdm,,English,foil,,2026-02-14 00:06:11.125000,25,,,
2,,Stormbeacon Blade,tdm,,English,,,2026-02-14 00:06:11.125000,27,,,
4,,Stormplain Detainment,tdm,,English,,,2026-02-14 00:06:11.125000,28,,,
1,,Stormplain Detainment,tdm,,English,foil,,2026-02-14 00:06:11.125000,28,,,
2,,Sunpearl Kirin,tdm,,English,,,2026-02-14 00:06:11.125000,29,,,
2,,Teeming Dragonstorm,tdm,,English,,,2026-02-14 00:06:11.125000,30,,,
3,,Tempest Hawk,tdm,,English,,,2026-02-14 00:06:11.125000,31,,,
1,,United Battlefront,tdm,,English,foil,,2026-02-14 00:06:11.125000,32,,,
1,,Wayspeaker Bodyguard,tdm,,English,,,2026-02-14 00:06:11.125000,34,,,
3,,Aegis Sculptor,tdm,,English,,,2026-02-14 00:06:11.125000,35,,,
1,,Aegis Sculptor,tdm,,English,foil,,2026-02-14 00:06:11.125000,35,,,
4,,Agent of Kotis,tdm,,English,,,2026-02-14 00:06:11.125000,36,,,
1,,Ambling Stormshell,tdm,,English,,,2026-02-14 00:06:11.125000,37,,,
1,,Bewildering Blizzard,tdm,,English,,,2026-02-14 00:06:11.125000,38,,,
2,,Dirgur Island Dragon // Skimming Strike,tdm,,English,,,2026-02-14 00:06:11.125000,40,,,
1,,Dirgur Island Dragon // Skimming Strike,tdm,,English,foil,,2026-02-14 00:06:11.125000,40,,,
1,,Dispelling Exhale,tdm,,English,,,2026-02-14 00:06:11.125000,41,,,
1,,Dragonologist,tdm,,English,,,2026-02-14 00:06:11.125000,42,,,
1,,Dragonstorm Forecaster,tdm,,English,,,2026-02-14 00:06:11.125000,43,,,
4,,Focus the Mind,tdm,,English,,,2026-02-14 00:06:11.125000,45,,,
2,,Fresh Start,tdm,,English,,,2026-02-14 00:06:11.125000,46,,,
2,,Highspire Bell-Ringer,tdm,,English,,,2026-02-14 00:06:11.125000,47,,,
1,,Humbling Elder,tdm,,English,,,2026-02-14 00:06:11.125000,48,,,
2,,Iceridge Serpent,tdm,,English,,,2026-02-14 00:06:11.125000,49,,,
1,,Kishla Trawlers,tdm,,English,,,2026-02-14 00:06:11.125000,50,,,
6,,Ringing Strike Mastery,tdm,,English,,,2026-02-14 00:06:11.125000,53,,,
1,,Ringing Strike Mastery,tdm,,English,foil,,2026-02-14 00:06:11.125000,53,,,
3,,Riverwalk Technique,tdm,,English,,,2026-02-14 00:06:11.125000,54,,,
1,,Roiling Dragonstorm,tdm,,English,,,2026-02-14 00:06:11.125000,55,,,
5,,Sibsig Appraiser,tdm,,English,,,2026-02-14 00:06:11.125000,56,,,
3,,Snowmelt Stag,tdm,,English,,,2026-02-14 00:06:11.125000,57,,,
3,,Spectral Denial,tdm,,English,,,2026-02-14 00:06:11.125000,58,,,
1,,Stillness in Motion,tdm,,English,,,2026-02-14 00:06:11.125000,59,,,
2,,Temur Devotee,tdm,,English,,,2026-02-14 00:06:11.125000,61,,,
4,,Unending Whisper,tdm,,English,,,2026-02-14 00:06:11.125000,62,,,
1,,Ureni's Rebuff,tdm,,English,,,2026-02-14 00:06:11.125000,63,,,
1,,Veteran Ice Climber,tdm,,English,,,2026-02-14 00:06:11.125000,64,,,
2,,Wingblade Disciple,tdm,,English,,,2026-02-14 00:06:11.125000,65,,,
6,,Wingspan Stride,tdm,,English,,,2026-02-14 00:06:11.125000,66,,,
3,,Abzan Devotee,tdm,,English,,,2026-02-14 00:06:11.125000,68,,,
1,,Abzan Devotee,tdm,,English,foil,,2026-02-14 00:06:11.125000,68,,,
4,,Aggressive Negotiations,tdm,,English,,,2026-02-14 00:06:11.125000,70,,,
1,,Aggressive Negotiations,tdm,,English,foil,,2026-02-14 00:06:11.125000,70,,,
3,,Alesha's Legacy,tdm,,English,,,2026-02-14 00:06:11.125000,72,,,
1,,Alesha's Legacy,tdm,,English,foil,,2026-02-14 00:06:11.125000,72,,,
4,,Caustic Exhale,tdm,,English,,,2026-02-14 00:06:11.126000,74,,,
1,,Corroding Dragonstorm,tdm,,English,,,2026-02-14 00:06:11.126000,75,,,
3,,Cruel Truths,tdm,,English,,,2026-02-14 00:06:11.126000,76,,,
3,,Delta Bloodflies,tdm,,English,,,2026-02-14 00:06:11.126000,77,,,
3,,Desperate Measures,tdm,,English,,,2026-02-14 00:06:11.126000,78,,,
1,,Dragon's Prey,tdm,,English,,,2026-02-14 00:06:11.126000,79,,,
1,,Feral Deathgorger // Dusk Sight,tdm,,English,,,2026-02-14 00:06:11.126000,80,,,
1,,Gurmag Rakshasa,tdm,,English,,,2026-02-14 00:06:11.126000,81,,,
1,,Gurmag Rakshasa,tdm,,English,foil,,2026-02-14 00:06:11.126000,81,,,
3,,Kin-Tree Nurturer,tdm,,English,,,2026-02-14 00:06:11.126000,83,,,
1,,Krumar Initiate,tdm,,English,,,2026-02-14 00:06:11.126000,84,,,
5,,Nightblade Brigade,tdm,,English,,,2026-02-14 00:06:11.126000,85,,,
1,,Salt Road Skirmish,tdm,,English,,,2026-02-14 00:06:11.126000,88,,,
4,,Sandskitter Outrider,tdm,,English,,,2026-02-14 00:06:11.126000,89,,,
1,,"Sidisi, Regent of the Mire",tdm,,English,,,2026-02-14 00:06:11.126000,92,,,
1,,Sinkhole Surveyor,tdm,,English,,,2026-02-14 00:06:11.126000,93,,,
2,,Strategic Betrayal,tdm,,English,,,2026-02-14 00:06:11.126000,94,,,
1,,Strategic Betrayal,tdm,,English,foil,,2026-02-14 00:06:11.126000,94,,,
2,,Unburied Earthcarver,tdm,,English,,,2026-02-14 00:06:11.126000,95,,,
1,,Unrooted Ancestor,tdm,,English,,,2026-02-14 00:06:11.126000,96,,,
1,,Unrooted Ancestor,tdm,,English,foil,,2026-02-14 00:06:11.126000,96,,,
2,,Venerated Stormsinger,tdm,,English,,,2026-02-14 00:06:11.126000,97,,,
2,,Wail of War,tdm,,English,,,2026-02-14 00:06:11.126000,98,,,
5,,Worthy Cost,tdm,,English,,,2026-02-14 00:06:11.126000,99,,,
1,,Yathan Tombguard,tdm,,English,,,2026-02-14 00:06:11.126000,100,,,
2,,Channeled Dragonfire,tdm,,English,,,2026-02-14 00:06:11.126000,102,,,
4,,Devoted Duelist,tdm,,English,,,2026-02-14 00:06:11.126000,104,,,
1,,Equilibrium Adept,tdm,,English,,,2026-02-14 00:06:11.126000,106,,,
4,,Fire-Rim Form,tdm,,English,,,2026-02-14 00:06:11.126000,107,,,
1,,Iridescent Tiger,tdm,,English,,,2026-02-14 00:06:11.126000,109,,,
4,,Jeskai Devotee,tdm,,English,,,2026-02-14 00:06:11.126000,110,,,
4,,Meticulous Artisan,tdm,,English,,,2026-02-14 00:06:11.126000,112,,,
1,,Molten Exhale,tdm,,English,,,2026-02-14 00:06:11.126000,113,,,
1,,Molten Exhale,tdm,,English,foil,,2026-02-14 00:06:11.126000,113,,,
4,,Narset's Rebuke,tdm,,English,,,2026-02-14 00:06:11.126000,114,,,
2,,Overwhelming Surge,tdm,,English,,,2026-02-14 00:06:11.126000,115,,,
2,,Rescue Leopard,tdm,,English,,,2026-02-14 00:06:11.126000,116,,,
1,,"Sarkhan, Dragon Ascendant",tdm,,English,,,2026-02-14 00:06:11.126000,118,,,
2,,Seize Opportunity,tdm,,English,,,2026-02-14 00:06:11.126000,119,,,
1,,Shock Brigade,tdm,,English,,,2026-02-14 00:06:11.126000,120,,,
1,,Stadium Headliner,tdm,,English,,,2026-02-14 00:06:11.126000,122,,,
4,,Stormshriek Feral // Flush Out,tdm,,English,,,2026-02-14 00:06:11.126000,124,,,
3,,Summit Intimidator,tdm,,English,,,2026-02-14 00:06:11.126000,125,,,
1,,Summit Intimidator,tdm,,English,foil,,2026-02-14 00:06:11.126000,125,,,
1,,Sunset Strikemaster,tdm,,English,,,2026-02-14 00:06:11.126000,126,,,
1,,Tersa Lightshatter,tdm,,English,,,2026-02-14 00:06:11.126000,127,,,
4,,Twin Bolt,tdm,,English,,,2026-02-14 00:06:11.126000,128,,,
2,,Underfoot Underdogs,tdm,,English,,,2026-02-14 00:06:11.126000,129,,,
2,,Unsparing Boltcaster,tdm,,English,,,2026-02-14 00:06:11.126000,130,,,
3,,War Effort,tdm,,English,,,2026-02-14 00:06:11.126000,131,,,
4,,Wild Ride,tdm,,English,,,2026-02-14 00:06:11.126000,132,,,
5,,Ainok Wayfarer,tdm,,English,,,2026-02-14 00:06:11.126000,134,,,
2,,Ainok Wayfarer,tdm,,English,foil,,2026-02-14 00:06:11.126000,134,,,
3,,Champion of Dusan,tdm,,English,,,2026-02-14 00:06:11.126000,137,,,
1,,Champion of Dusan,tdm,,English,foil,,2026-02-14 00:06:11.126000,137,,,
1,,Dragon Sniper,tdm,,English,,,2026-02-14 00:06:11.126000,139,,,
2,,Dragonbroods' Relic,tdm,,English,,,2026-02-14 00:06:11.126000,140,,,
1,,Dragonbroods' Relic,tdm,,English,foil,,2026-02-14 00:06:11.126000,140,,,
4,,Dusyut Earthcarver,tdm,,English,,,2026-02-14 00:06:11.126000,141,,,
3,,Encroaching Dragonstorm,tdm,,English,,,2026-02-14 00:06:11.126000,142,,,
3,,Formation Breaker,tdm,,English,,,2026-02-14 00:06:11.126000,143,,,
2,,Heritage Reclamation,tdm,,English,,,2026-02-14 00:06:11.126000,145,,,
1,,Heritage Reclamation,tdm,,English,foil,,2026-02-14 00:06:11.126000,145,,,
3,,Inspirited Vanguard,tdm,,English,,,2026-02-14 00:06:11.126000,146,,,
1,,Knockout Maneuver,tdm,,English,foil,,2026-02-14 00:06:11.126000,147,,,
1,,Krotiq Nestguard,tdm,,English,,,2026-02-14 00:06:11.126000,148,,,
1,,Lasyd Prowler,tdm,,English,,,2026-02-14 00:06:11.126000,149,,,
4,,Piercing Exhale,tdm,,English,,,2026-02-14 00:06:11.126000,151,,,
1,,Rainveil Rejuvenator,tdm,,English,foil,,2026-02-14 00:06:11.126000,152,,,
2,,Rite of Renewal,tdm,,English,,,2026-02-14 00:06:11.126000,153,,,
1,,Rite of Renewal,tdm,,English,foil,,2026-02-14 00:06:11.126000,153,,,
3,,Roamer's Routine,tdm,,English,,,2026-02-14 00:06:11.126000,154,,,
1,,Roamer's Routine,tdm,,English,foil,,2026-02-14 00:06:11.126000,154,,,
1,,Sage of the Fang,tdm,,English,,,2026-02-14 00:06:11.126000,155,,,
6,,Sagu Pummeler,tdm,,English,,,2026-02-14 00:06:11.126000,156,,,
1,,Sagu Pummeler,tdm,,English,foil,,2026-02-14 00:06:11.126000,156,,,
3,,Sagu Wildling // Roost Seek,tdm,,English,,,2026-02-14 00:06:11.126000,157,,,
1,,Sagu Wildling // Roost Seek,tdm,,English,foil,,2026-02-14 00:06:11.126000,157,,,
4,,Sarkhan's Resolve,tdm,,English,,,2026-02-14 00:06:11.126000,158,,,
1,,Snakeskin Veil,tdm,,English,,,2026-02-14 00:06:11.126000,159,,,
1,,Snakeskin Veil,tdm,,English,foil,,2026-02-14 00:06:11.126000,159,,,
4,,Sultai Devotee,tdm,,English,,,2026-02-14 00:06:11.126000,160,,,
1,,Sultai Devotee,tdm,,English,foil,,2026-02-14 00:06:11.126000,160,,,
1,,Synchronized Charge,tdm,,English,,,2026-02-14 00:06:11.126000,162,,,
3,,Trade Route Envoy,tdm,,English,,,2026-02-14 00:06:11.126000,163,,,
2,,Traveling Botanist,tdm,,English,,,2026-02-14 00:06:11.126000,164,,,
3,,Undergrowth Leopard,tdm,,English,,,2026-02-14 00:06:11.126000,165,,,
1,,Undergrowth Leopard,tdm,,English,foil,,2026-02-14 00:06:11.126000,165,,,
